,id,Restaurant,Item,item_with_chain,Calories,Calories From Fat,Total Fat,Saturated Fat,Trans Fat,Cholesterol,Sodium,Total Carbohydrates,Fiber,Sugar,Protein
0,1,Mcdonalds,Artisan Grilled Chicken Sandwich,Artisan Grilled Chicken Sandwich (Mcdonalds),380.0,60.0,7.0,2.0,0.0,95.0,1110.0,44.0,3.0,11.0,37.0
1,2,Mcdonalds,Single Bacon Smokehouse Burger,Single Bacon Smokehouse Burger (Mcdonalds),840.0,410.0,45.0,17.0,1.5,130.0,1580.0,62.0,2.0,18.0,46.0
2,3,Mcdonalds,Double Bacon Smokehouse Burger,Double Bacon Smokehouse Burger (Mcdonalds),1130.0,600.0,67.0,27.0,3.0,220.0,1920.0,63.0,3.0,18.0,70.0
3,4,Mcdonalds,Grilled Bacon Smokehouse Chicken Sandwich,Grilled Bacon Smokehouse Chicken Sandwich (Mcdonalds),750.0,280.0,31.0,10.0,0.5,155.0,1940.0,62.0,2.0,18.0,55.0
4,5,Mcdonalds,Crispy Bacon Smokehouse Chicken Sandwich,Crispy Bacon Smokehouse Chicken Sandwich (Mcdonalds),920.0,410.0,45.0,12.0,0.5,120.0,1980.0,81.0,4.0,18.0,46.0
5,6,Mcdonalds,Big Mac,Big Mac (Mcdonalds),540.0,250.0,28.0,10.0,1.0,80.0,950.0,46.0,3.0,9.0,25.0
6,7,Mcdonalds,Cheeseburger,Cheeseburger (Mcdonalds),300.0,100.0,12.0,5.0,0.5,40.0,680.0,33.0,2.0,7.0,15.0
7,8,Mcdonalds,Classic Chicken Sandwich,Classic Chicken Sandwich (Mcdonalds),510.0,210.0,24.0,4.0,0.0,65.0,1040.0,49.0,3.0,6.0,25.0
8,9,Mcdonalds,Double Cheeseburger,Double Cheeseburger (Mcdonalds),430.0,190.0,21.0,11.0,1.0,85.0,1040.0,35.0,2.0,7.0,25.0
9,10,Mcdonalds,Double Quarter Pounder® with Cheese,Double Quarter Pounder® with Cheese (Mcdonalds),770.0,400.0,45.0,21.0,2.5,175.0,1290.0,42.0,3.0,10.0,51.0
10,11,Mcdonalds,Filet-O-Fish®,Filet-O-Fish® (Mcdonalds),380.0,170.0,18.0,4.0,0.0,40.0,640.0,38.0,2.0,5.0,15.0
11,12,Mcdonalds,Garlic White Cheddar Burger,Garlic White Cheddar Burger (Mcdonalds),620.0,300.0,34.0,13.0,1.5,95.0,790.0,48.0,3.0,11.0,32.0
12,13,Mcdonalds,Grilled Garlic White Cheddar Chicken Sandwich,Grilled Garlic White Cheddar Chicken Sandwich (Mcdonalds),530.0,180.0,20.0,7.0,0.0,125.0,1150.0,48.0,3.0,11.0,42.0
13,14,Mcdonalds,Crispy Garlic White Cheddar Chicken Sandwich,Crispy Garlic White Cheddar Chicken Sandwich (Mcdonalds),700.0,300.0,34.0,9.0,0.0,85.0,1190.0,67.0,5.0,11.0,33.0
14,15,Mcdonalds,Hamburger,Hamburger (Mcdonalds),250.0,70.0,8.0,3.0,0.0,30.0,480.0,31.0,2.0,6.0,13.0
15,16,Mcdonalds,Lobster Roll,Lobster Roll (Mcdonalds),290.0,50.0,5.0,1.5,0.0,65.0,630.0,35.0,2.0,3.0,24.0
16,17,Mcdonalds,Maple Bacon Dijon 1/4 lb Burger,Maple Bacon Dijon 1/4 lb Burger (Mcdonalds),640.0,330.0,36.0,14.0,1.5,110.0,1260.0,40.0,3.0,10.0,37.0
17,18,Mcdonalds,Grilled Maple Bacon Dijon Chicken Sandwich,Grilled Maple Bacon Dijon Chicken Sandwich (Mcdonalds),580.0,190.0,21.0,8.0,0.0,135.0,1890.0,50.0,3.0,14.0,48.0
18,19,Mcdonalds,Crispy Maple Bacon Dijon Chicken Sandwich,Crispy Maple Bacon Dijon Chicken Sandwich (Mcdonalds),740.0,310.0,35.0,9.0,0.5,95.0,1780.0,69.0,5.0,14.0,39.0
19,20,Mcdonalds,McChicken,McChicken (Mcdonalds),350.0,130.0,15.0,3.5,0.0,40.0,600.0,40.0,2.0,5.0,15.0
20,21,Mcdonalds,McDouble,McDouble (Mcdonalds),380.0,160.0,18.0,8.0,1.0,70.0,840.0,34.0,2.0,7.0,23.0
21,22,Mcdonalds,McRib,McRib (Mcdonalds),480.0,200.0,22.0,7.0,0.0,80.0,870.0,45.0,2.0,12.0,25.0
22,23,Mcdonalds,Pico Guacamole 1/4 lb Burger,Pico Guacamole 1/4 lb Burger (Mcdonalds),580.0,300.0,33.0,12.0,1.5,95.0,920.0,41.0,4.0,7.0,29.0
23,24,Mcdonalds,Grilled Pico Guacamole Chicken Sandwich,Grilled Pico Guacamole Chicken Sandwich (Mcdonalds),520.0,160.0,18.0,6.0,0.0,115.0,1540.0,50.0,4.0,12.0,40.0
24,25,Mcdonalds,Crispy Pico Guacamole Chicken Sandwich,Crispy Pico Guacamole Chicken Sandwich (Mcdonalds),680.0,280.0,32.0,7.0,0.0,80.0,1430.0,69.0,6.0,12.0,31.0
25,26,Mcdonalds,Premium Buttermilk Crispy Chicken Deluxe Sandwich,Premium Buttermilk Crispy Chicken Deluxe Sandwich (Mcdonalds),570.0,200.0,23.0,5.0,0.0,60.0,1050.0,64.0,4.0,11.0,28.0
26,27,Mcdonalds,Premium Crispy Chicken Deluxe Sandwich,Premium Crispy Chicken Deluxe Sandwich (Mcdonalds),530.0,200.0,22.0,4.0,0.0,45.0,1000.0,59.0,3.0,13.0,25.0
27,28,Mcdonalds,Quarter Pounder® with Cheese,Quarter Pounder® with Cheese (Mcdonalds),530.0,240.0,27.0,13.0,1.5,100.0,1090.0,41.0,3.0,10.0,31.0
28,29,Mcdonalds,Signature Sriracha Burger,Signature Sriracha Burger (Mcdonalds),670.0,320.0,35.0,12.0,1.5,95.0,1010.0,56.0,4.0,13.0,32.0
29,30,Mcdonalds,Grilled Signature Sriracha Chicken Sandwich,Grilled Signature Sriracha Chicken Sandwich (Mcdonalds),560.0,180.0,20.0,5.0,0.0,115.0,1550.0,56.0,4.0,14.0,41.0
30,31,Mcdonalds,Crispy Signature Sriracha Chicken Sandwich,Crispy Signature Sriracha Chicken Sandwich (Mcdonalds),730.0,300.0,33.0,7.0,0.0,80.0,1430.0,75.0,5.0,13.0,32.0
31,32,Mcdonalds,Sweet BBQ Bacon 1/4 lb Burger,Sweet BBQ Bacon 1/4 lb Burger (Mcdonalds),690.0,340.0,37.0,14.0,1.5,110.0,1310.0,51.0,3.0,14.0,38.0
32,33,Mcdonalds,Grilled Sweet BBQ Bacon Chicken Sandwich,Grilled Sweet BBQ Bacon Chicken Sandwich (Mcdonalds),630.0,200.0,22.0,7.0,0.0,135.0,1930.0,61.0,4.0,18.0,48.0
33,34,Mcdonalds,Crispy Sweet BBQ Bacon Chicken Sandwich,Crispy Sweet BBQ Bacon Chicken Sandwich (Mcdonalds),800.0,320.0,36.0,9.0,0.5,95.0,1820.0,80.0,5.0,18.0,39.0
34,35,Mcdonalds,3 piece Buttermilk Crispy Chicken Tenders,3 piece Buttermilk Crispy Chicken Tenders (Mcdonalds),370.0,190.0,21.0,3.5,0.0,70.0,910.0,16.0,0.0,0.0,28.0
35,36,Mcdonalds,4 piece Buttermilk Crispy Chicken Tenders,4 piece Buttermilk Crispy Chicken Tenders (Mcdonalds),480.0,250.0,28.0,4.5,0.0,95.0,1290.0,21.0,0.0,1.0,38.0
36,37,Mcdonalds,6 piece Buttermilk Crispy Chicken Tenders,6 piece Buttermilk Crispy Chicken Tenders (Mcdonalds),760.0,390.0,44.0,8.0,0.5,145.0,1890.0,32.0,1.0,1.0,58.0
37,38,Mcdonalds,10 piece Buttermilk Crispy Chicken Tenders,10 piece Buttermilk Crispy Chicken Tenders (Mcdonalds),1210.0,630.0,70.0,12.0,1.0,240.0,3230.0,52.0,1.0,4.0,94.0
38,39,Mcdonalds,12 piece Buttermilk Crispy Chicken Tenders,12 piece Buttermilk Crispy Chicken Tenders (Mcdonalds),1510.0,790.0,88.0,15.0,1.0,295.0,3770.0,64.0,1.0,2.0,115.0
39,40,Mcdonalds,20 piece Buttermilk Crispy Chicken Tenders,20 piece Buttermilk Crispy Chicken Tenders (Mcdonalds),2430.0,1270.0,141.0,24.0,2.0,475.0,6080.0,103.0,2.0,3.0,186.0
40,41,Mcdonalds,4 Piece Chicken McNuggets,4 Piece Chicken McNuggets (Mcdonalds),180.0,100.0,11.0,2.0,0.0,30.0,340.0,11.0,1.0,0.0,10.0
41,42,Mcdonalds,6 Piece Chicken McNuggets,6 Piece Chicken McNuggets (Mcdonalds),270.0,140.0,16.0,2.5,0.0,45.0,510.0,16.0,1.0,0.0,15.0
42,43,Mcdonalds,10 Piece Chicken McNuggets,10 Piece Chicken McNuggets (Mcdonalds),440.0,240.0,27.0,4.5,0.0,75.0,840.0,26.0,2.0,0.0,24.0
43,44,Mcdonalds,20 Piece Chicken McNuggets,20 Piece Chicken McNuggets (Mcdonalds),890.0,480.0,53.0,9.0,0.0,145.0,1680.0,53.0,4.0,0.0,49.0
44,45,Mcdonalds,40 piece Chicken McNuggets,40 piece Chicken McNuggets (Mcdonalds),1770.0,960.0,107.0,18.0,0.5,295.0,3370.0,105.0,7.0,1.0,98.0
45,46,Mcdonalds,4 piece Sweet N' Spicy Honey BBQ Glazed Tenders,4 piece Sweet N' Spicy Honey BBQ Glazed Tenders (Mcdonalds),640.0,240.0,27.0,4.0,0.0,105.0,1780.0,63.0,2.0,35.0,39.0
46,47,Mcdonalds,6 piece Sweet N' Spicy Honey BBQ Glazed Tenders,6 piece Sweet N' Spicy Honey BBQ Glazed Tenders (Mcdonalds),960.0,360.0,40.0,6.0,0.0,160.0,2670.0,94.0,3.0,52.0,58.0
47,48,Mcdonalds,10 piece Sweet N' Spicy Honey BBQ Glazed Tenders,10 piece Sweet N' Spicy Honey BBQ Glazed Tenders (Mcdonalds),1600.0,600.0,66.0,10.0,0.0,265.0,4450.0,156.0,5.0,87.0,97.0
48,49,Mcdonalds,Premium Asian Salad w/o Chicken,Premium Asian Salad w/o Chicken (Mcdonalds),140.0,70.0,7.0,0.5,0.0,0.0,20.0,13.0,5.0,7.0,7.0
49,50,Mcdonalds,Premium Asian Salad w/ Grilled Chicken,Premium Asian Salad w/ Grilled Chicken (Mcdonalds),270.0,80.0,9.0,1.0,0.0,80.0,740.0,18.0,5.0,10.0,31.0
50,51,Mcdonalds,Premium Asian Salad w/ Crispy Chicken,Premium Asian Salad w/ Crispy Chicken (Mcdonalds),490.0,250.0,28.0,8.0,0.0,95.0,1120.0,28.0,4.0,4.0,33.0
51,52,Mcdonalds,Premium Bacon Ranch Salad w/o Chicken,Premium Bacon Ranch Salad w/o Chicken (Mcdonalds),190.0,110.0,12.0,5.0,0.0,40.0,660.0,9.0,3.0,3.0,14.0
52,53,Mcdonalds,Premium Bacon Ranch Salad w/ Grilled Chicken,Premium Bacon Ranch Salad w/ Grilled Chicken (Mcdonalds),320.0,120.0,14.0,6.0,0.0,45.0,1230.0,9.0,3.0,4.0,42.0
53,54,Mcdonalds,Premium Bacon Ranch Salad w/ Crispy Chicken,Premium Bacon Ranch Salad w/ Crispy Chicken (Mcdonalds),490.0,250.0,28.0,8.0,0.0,95.0,1120.0,28.0,4.0,4.0,33.0
54,55,Mcdonalds,Premium Southwest Salad w/o Chicken,Premium Southwest Salad w/o Chicken (Mcdonalds),220.0,90.0,10.0,3.5,0.0,15.0,500.0,26.0,6.0,9.0,8.0
55,56,Mcdonalds,Premium Southwest Salad w/ Grilled Chicken,Premium Southwest Salad w/ Grilled Chicken (Mcdonalds),350.0,100.0,12.0,4.5,0.0,110.0,1070.0,27.0,6.0,9.0,37.0
56,57,Mcdonalds,Premium Southwest Salad w/ Crispy Chicken,Premium Southwest Salad w/ Crispy Chicken (Mcdonalds),520.0,230.0,25.0,6.0,0.0,75.0,960.0,46.0,8.0,9.0,28.0
57,58,Chick Fil-A,Chargrilled Chicken Club Sandwich,Chargrilled Chicken Club Sandwich (Chick Fil-A),430.0,144.0,16.0,8.0,0.0,85.0,1120.0,37.0,3.0,7.0,37.0
58,59,Chick Fil-A,Chargrilled Chicken Sandwich,Chargrilled Chicken Sandwich (Chick Fil-A),310.0,54.0,6.0,2.0,0.0,55.0,820.0,36.0,3.0,7.0,29.0
59,60,Chick Fil-A,Chick-n-Slider,Chick-n-Slider (Chick Fil-A),270.0,99.0,11.0,2.5,0.0,45.0,800.0,26.0,1.0,4.0,16.0
60,61,Chick Fil-A,1 Piece Chick-n-Strips,1 Piece Chick-n-Strips (Chick Fil-A),120.0,54.0,6.0,3.0,0.0,25.0,320.0,6.0,0.0,1.0,11.0
61,62,Chick Fil-A,2 Piece Chick-n-Strips,2 Piece Chick-n-Strips (Chick Fil-A),230.0,108.0,12.0,3.0,0.0,55.0,630.0,13.0,1.0,1.0,22.0
62,63,Chick Fil-A,3 Piece Chick-n-Strips,3 Piece Chick-n-Strips (Chick Fil-A),350.0,153.0,17.0,3.0,0.0,70.0,940.0,22.0,1.0,3.0,28.0
63,64,Chick Fil-A,4 piece Chick-n-Strips,4 piece Chick-n-Strips (Chick Fil-A),470.0,207.0,23.0,3.0,0.0,90.0,1250.0,29.0,1.0,4.0,37.0
64,65,Chick Fil-A,Chicken Deluxe,Chicken Deluxe (Chick Fil-A),500.0,207.0,23.0,7.0,0.0,75.0,1590.0,42.0,3.0,6.0,31.0
65,66,Chick Fil-A,4 piece Chicken Nuggets,4 piece Chicken Nuggets (Chick Fil-A),130.0,54.0,6.0,1.5,0.0,40.0,490.0,5.0,1.0,0.0,14.0
66,67,Chick Fil-A,6 piece Chicken Nuggets,6 piece Chicken Nuggets (Chick Fil-A),190.0,81.0,9.0,1.5,0.0,55.0,730.0,7.0,1.0,0.0,21.0
67,68,Chick Fil-A,8 piece Chicken Nuggets,8 piece Chicken Nuggets (Chick Fil-A),260.0,110.0,12.0,3.0,0.0,70.0,990.0,9.0,1.0,1.0,28.0
68,69,Chick Fil-A,12 piece Chicken Nuggets,12 piece Chicken Nuggets (Chick Fil-A),390.0,162.0,18.0,1.5,0.0,115.0,1460.0,14.0,2.0,1.0,41.0
69,70,Chick Fil-A,30 piece Chicken Nuggets,30 piece Chicken Nuggets (Chick Fil-A),970.0,414.0,46.0,2.5,0.0,285.0,3660.0,35.0,4.0,1.0,103.0
70,71,Chick Fil-A,Chicken Salad Sandwich,Chicken Salad Sandwich (Chick Fil-A),490.0,170.0,19.0,3.0,0.0,80.0,1130.0,55.0,5.0,12.0,28.0
71,72,Chick Fil-A,Chicken Sandwich,Chicken Sandwich (Chick Fil-A),440.0,171.0,19.0,4.0,0.0,60.0,1350.0,40.0,2.0,5.0,28.0
72,73,Chick Fil-A,4 Piece Grilled Chicken Nuggets,4 Piece Grilled Chicken Nuggets (Chick Fil-A),70.0,18.0,2.0,1.0,0.0,35.0,220.0,1.0,0.0,0.0,13.0
73,74,Chick Fil-A,6 Piece Grilled Chicken Nuggets,6 Piece Grilled Chicken Nuggets (Chick Fil-A),110.0,27.0,3.0,1.0,0.0,50.0,330.0,2.0,0.0,0.0,19.0
74,75,Chick Fil-A,8 piece Grilled Chicken Nuggets,8 piece Grilled Chicken Nuggets (Chick Fil-A),140.0,36.0,4.0,1.0,0.0,70.0,440.0,2.0,0.0,0.0,25.0
75,76,Chick Fil-A,12 Piece Grilled Chicken Nuggets,12 Piece Grilled Chicken Nuggets (Chick Fil-A),210.0,45.0,5.0,1.0,0.0,100.0,670.0,3.0,0.0,1.0,38.0
76,77,Chick Fil-A,Spicy Grilled Chicken Sub Sandwich,Spicy Grilled Chicken Sub Sandwich (Chick Fil-A),430.0,108.0,12.0,4.5,0.0,85.0,1310.0,47.0,5.0,9.0,33.0
77,78,Chick Fil-A,Regular Grilled Chicken Sub Sandwich,Regular Grilled Chicken Sub Sandwich (Chick Fil-A),450.0,117.0,13.0,6.0,0.0,75.0,1000.0,48.0,4.0,10.0,34.0
78,79,Chick Fil-A,Smokehouse BBQ Bacon Sandwich,Smokehouse BBQ Bacon Sandwich (Chick Fil-A),500.0,162.0,18.0,0.0,0.0,95.0,1200.0,46.0,2.0,10.0,33.0
79,80,Chick Fil-A,Spicy Chicken Sandwich,Spicy Chicken Sandwich (Chick Fil-A),450.0,171.0,19.0,4.0,0.0,60.0,1620.0,41.0,1.0,5.0,29.0
80,81,Chick Fil-A,Spicy Deluxe,Spicy Deluxe (Chick Fil-A),540.0,225.0,25.0,8.0,0.0,80.0,1760.0,43.0,2.0,6.0,34.0
81,82,Chick Fil-A,Chargrilled Chicken Cool Wrap,Chargrilled Chicken Cool Wrap (Chick Fil-A),350.0,126.0,14.0,5.0,0.0,60.0,960.0,29.0,15.0,3.0,37.0
82,83,Chick Fil-A,Chicken Enchiladas Meal Kit,Chicken Enchiladas Meal Kit (Chick Fil-A),860.0,423.0,47.0,16.0,1.0,100.0,2520.0,70.0,4.137176938369781,8.0,39.0
83,84,Chick Fil-A,Chicken Parmesan Meal Kit,Chicken Parmesan Meal Kit (Chick Fil-A),720.0,279.0,31.0,15.0,0.0,120.0,1780.0,65.0,4.137176938369781,7.0,48.0
84,85,Sonic,Hatch Green Chile Cheeseburger,Hatch Green Chile Cheeseburger (Sonic),710.0,380.0,43.0,17.0,2.0,120.0,1120.0,44.0,2.0,7.0,35.0
85,86,Sonic,Jalapeno Burger,Jalapeno Burger (Sonic),640.0,330.0,37.0,14.0,2.0,100.0,930.0,42.0,2.0,6.0,31.0
86,87,Sonic,Jr. Burger,Jr. Burger (Sonic),340.0,150.0,17.0,6.0,1.0,35.0,640.0,34.0,1.0,6.0,15.0
87,88,Sonic,Jr. Chili Cheeseburger,Jr. Chili Cheeseburger (Sonic),410.0,220.0,24.0,9.0,0.5,55.0,730.0,32.0,1.0,4.0,20.0
88,89,Sonic,Jr. Deluxe Burger,Jr. Deluxe Burger (Sonic),380.0,200.0,23.0,6.0,1.0,40.0,470.0,32.0,1.0,4.0,15.0
89,90,Sonic,Jr. Deluxe Cheeseburger,Jr. Deluxe Cheeseburger (Sonic),450.0,250.0,28.0,9.0,1.0,60.0,800.0,33.0,1.0,4.0,19.0
90,91,Sonic,Jr. Double Cheeseburger,Jr. Double Cheeseburger (Sonic),600.0,350.0,38.0,16.0,2.0,110.0,1350.0,35.0,1.0,7.0,31.0
91,92,Sonic,Sonic Bacon Cheeseburger (w/mayo),Sonic Bacon Cheeseburger (w/mayo) (Sonic),870.0,530.0,59.0,20.0,2.0,140.0,1350.0,45.0,2.0,7.0,39.0
92,93,Sonic,Sonic Burger W/ Mustard,Sonic Burger W/ Mustard (Sonic),640.0,330.0,37.0,14.0,2.0,100.0,790.0,43.0,2.0,7.0,31.0
93,94,Sonic,Sonic Burger W/ Ketchup,Sonic Burger W/ Ketchup (Sonic),650.0,340.0,37.0,14.0,2.0,100.0,860.0,46.0,2.0,10.0,32.0
94,95,Sonic,Sonic Burger W/ Mayonnaise,Sonic Burger W/ Mayonnaise (Sonic),740.0,430.0,48.0,15.0,2.0,110.0,760.0,44.0,2.0,7.0,31.0
95,96,Sonic,Sonic Cheeseburger W/ Mustard,Sonic Cheeseburger W/ Mustard (Sonic),710.0,380.0,43.0,17.0,2.0,120.0,1120.0,43.0,2.0,7.0,35.0
96,97,Sonic,Sonic Cheeseburger W/ Ketchup,Sonic Cheeseburger W/ Ketchup (Sonic),720.0,380.0,43.0,17.0,2.0,120.0,1190.0,47.0,2.0,10.0,35.0
97,98,Sonic,Sonic Cheeseburger W/ Mayonnaise,Sonic Cheeseburger W/ Mayonnaise (Sonic),800.0,480.0,54.0,18.0,2.0,130.0,1090.0,44.0,2.0,7.0,35.0
98,99,Sonic,Super Sonic Bacon Double Cheeseburger (w/mayo),Super Sonic Bacon Double Cheeseburger (w/mayo) (Sonic),1280.0,830.0,92.0,36.0,4.0,260.0,1630.0,44.0,2.0,7.0,67.0
99,100,Sonic,Super Sonic Double Cheeseburger W/ Mustard,Super Sonic Double Cheeseburger W/ Mustard (Sonic),1120.0,680.0,76.0,32.0,4.0,235.0,1550.0,44.0,2.0,8.0,63.0
100,101,Sonic,Super Sonic Double Cheeseburger W/ Ketchup,Super Sonic Double Cheeseburger W/ Ketchup (Sonic),1130.0,680.0,76.0,32.0,4.0,235.0,1620.0,47.0,2.0,11.0,63.0
101,102,Sonic,Super Sonic Double Cheeseburger W/ Mayo,Super Sonic Double Cheeseburger W/ Mayo (Sonic),1220.0,780.0,87.0,34.0,4.0,245.0,1520.0,45.0,2.0,8.0,63.0
102,103,Sonic,Super Sonic Jalapeno Double Cheeseburger,Super Sonic Jalapeno Double Cheeseburger (Sonic),1120.0,680.0,76.0,32.0,4.0,235.0,1690.0,43.0,2.0,7.0,63.0
103,104,Sonic,Veggie Burger W/ Ketchup,Veggie Burger W/ Ketchup (Sonic),450.0,130.0,14.0,4.0,0.0,10.0,1410.0,67.0,5.0,11.0,15.0
104,105,Sonic,Veggie Burger With Mustard,Veggie Burger With Mustard (Sonic),450.0,130.0,14.0,4.0,0.0,10.0,1350.0,64.0,5.0,8.0,15.0
105,106,Sonic,Veggie Burger W/ Mustard,Veggie Burger W/ Mustard (Sonic),450.0,130.0,14.0,4.0,0.0,10.0,1300.0,64.0,5.0,8.0,15.0
106,107,Sonic,Grilled Asiago Caesar Chicken Club Sandwich,Grilled Asiago Caesar Chicken Club Sandwich (Sonic),610.0,270.0,30.0,7.0,0.0,110.0,1570.0,44.0,3.0,8.0,40.0
107,108,Sonic,Crispy Asiago Caesar Chicken Club Sandwich,Crispy Asiago Caesar Chicken Club Sandwich (Sonic),680.0,350.0,39.0,9.0,0.0,80.0,1120.0,53.0,4.0,7.0,31.0
108,109,Sonic,Grilled Chicken Sandwich,Grilled Chicken Sandwich (Sonic),430.0,180.0,20.0,4.0,0.0,80.0,940.0,33.0,2.0,6.0,28.0
109,110,Sonic,Crispy Chicken Sandwich,Crispy Chicken Sandwich (Sonic),570.0,300.0,33.0,5.0,0.0,45.0,1060.0,47.0,4.0,6.0,23.0
110,111,Sonic,Chicken Strip Sandwich,Chicken Strip Sandwich (Sonic),450.0,220.0,24.0,4.0,0.0,35.0,740.0,43.0,1.0,4.0,19.0
111,112,Sonic,3 Piece Crispy Chicken Tender Dinner,3 Piece Crispy Chicken Tender Dinner (Sonic),280.0,130.0,14.0,2.5,0.0,0.0,800.0,16.0,0.0,0.0,22.0
112,113,Sonic,5 Piece Crispy Chicken Tender Dinner,5 Piece Crispy Chicken Tender Dinner (Sonic),470.0,220.0,24.0,4.5,0.0,0.0,1340.0,26.0,0.0,0.0,37.0
113,114,Sonic,Deluxe Ultimate Chicken Sandwich,Deluxe Ultimate Chicken Sandwich (Sonic),740.0,350.0,39.0,8.0,0.0,90.0,1550.0,63.0,4.0,12.0,33.0
114,115,Sonic,Buffalo Dunked Ultimate Chicken Sandwich,Buffalo Dunked Ultimate Chicken Sandwich (Sonic),1000.0,550.0,61.0,12.0,0.5,125.0,4520.0,70.0,5.0,12.0,23.0
115,116,Sonic,Garlic Parmesan Dunked Ultimate Chicken Sandwich,Garlic Parmesan Dunked Ultimate Chicken Sandwich (Sonic),1350.0,900.0,100.0,17.0,0.0,190.0,2180.0,69.0,4.0,10.0,23.0
116,117,Sonic,Small Jumbo Popcorn Chicken,Small Jumbo Popcorn Chicken (Sonic),380.0,190.0,22.0,4.0,0.0,45.0,1250.0,27.0,3.0,1.0,18.0
117,118,Sonic,Large Jumbo Popcorn Chicken,Large Jumbo Popcorn Chicken (Sonic),560.0,290.0,32.0,6.0,1.0,65.0,1890.0,41.0,5.0,2.0,27.0
118,119,Sonic,Small Spicy Jumbo Popcorn Chicken,Small Spicy Jumbo Popcorn Chicken (Sonic),350.0,150.0,17.0,3.0,0.0,45.0,860.0,30.0,2.0,0.0,21.0
119,120,Sonic,Large Spicy Jumbo Popcorn Chicken,Large Spicy Jumbo Popcorn Chicken (Sonic),610.0,270.0,30.0,5.0,0.0,80.0,1500.0,51.0,3.0,0.0,36.0
120,121,Sonic,3 Piece Super Crunch Chicken Strip Dinner,3 Piece Super Crunch Chicken Strip Dinner (Sonic),970.0,410.0,46.0,8.0,1.0,55.0,2160.0,109.0,7.0,9.0,30.0
121,122,Sonic,4 Piece Super Crunch Chicken Strip Dinner,4 Piece Super Crunch Chicken Strip Dinner (Sonic),1080.0,460.0,51.0,9.0,1.0,75.0,2390.0,118.0,8.0,9.0,37.0
122,123,Sonic,5 Piece Super Crunch Chicken Strip Dinner,5 Piece Super Crunch Chicken Strip Dinner (Sonic),1190.0,510.0,57.0,10.0,1.0,90.0,2610.0,126.0,8.0,9.0,44.0
123,124,Sonic,3 Piece Super Crunch Chicken Strips,3 Piece Super Crunch Chicken Strips (Sonic),330.0,140.0,16.0,3.0,0.0,55.0,670.0,25.0,2.0,0.0,22.0
124,125,Sonic,4 Piece Super Crunch Chicken Strips,4 Piece Super Crunch Chicken Strips (Sonic),440.0,190.0,21.0,4.0,0.0,70.0,900.0,34.0,2.0,1.0,29.0
125,126,Sonic,5 Piece Super Crunch Chicken Strips,5 Piece Super Crunch Chicken Strips (Sonic),550.0,240.0,26.0,5.0,0.0,90.0,1120.0,42.0,3.0,1.0,36.0
126,127,Sonic,Traditional Ultimate Chicken Sandwich,Traditional Ultimate Chicken Sandwich (Sonic),730.0,350.0,39.0,8.0,0.0,90.0,1540.0,62.0,3.0,11.0,32.0
127,128,Sonic,Ultimate Chicken Club,Ultimate Chicken Club (Sonic),100.0,580.0,64.0,15.0,0.5,100.0,2070.0,65.0,4.0,12.0,39.0
128,129,Sonic,"All Beef All-american Style Dog – 6""","All Beef All-american Style Dog – 6"" (Sonic)",370.0,160.0,18.0,7.0,0.0,40.0,1180.0,40.0,1.0,15.0,12.0
129,130,Sonic,"All Beef Chicago Dog – 6""","All Beef Chicago Dog – 6"" (Sonic)",430.0,180.0,20.0,7.0,0.0,40.0,2310.0,49.0,1.0,17.0,14.0
130,131,Sonic,"All Beef Chili Cheese Coney – 6""","All Beef Chili Cheese Coney – 6"" (Sonic)",410.0,230.0,26.0,11.0,0.0,65.0,1140.0,30.0,2.0,4.0,17.0
131,132,Sonic,"All Beef New York Dog – 6""","All Beef New York Dog – 6"" (Sonic)",340.0,170.0,19.0,7.0,0.0,40.0,1250.0,30.0,3.0,4.0,13.0
132,133,Sonic,"All Beef Regular Hot Dog – 6""","All Beef Regular Hot Dog – 6"" (Sonic)",320.0,160.0,18.0,7.0,0.0,40.0,870.0,27.0,1.0,3.0,11.0
133,134,Sonic,Cheesy Bacon Pretzel Dog - 6 In.,Cheesy Bacon Pretzel Dog - 6 In. (Sonic),500.0,240.0,26.0,10.0,0.0,50.0,1410.0,46.0,2.0,7.0,15.0
134,135,Sonic,Corn Dog,Corn Dog (Sonic),210.0,100.0,11.0,4.0,0.0,20.0,530.0,23.0,2.0,4.0,6.0
135,136,Sonic,Footlong Quarter Pound Coney,Footlong Quarter Pound Coney (Sonic),830.0,490.0,54.0,22.0,1.0,85.0,1940.0,54.0,3.0,9.0,30.0
136,137,Sonic,The Original Pretzel Dog,The Original Pretzel Dog (Sonic),320.0,160.0,18.0,7.0,0.0,35.0,910.0,27.0,1.0,2.0,11.0
137,138,Arbys,Arby's Melt,Arby's Melt (Arbys),330.0,100.0,11.0,4.0,0.0,30.0,920.0,40.0,2.0,5.0,18.0
138,139,Arbys,Arby-Q Sandwich,Arby-Q Sandwich (Arbys),400.0,90.0,10.0,3.0,0.0,30.0,1230.0,58.0,3.0,23.0,18.0
139,140,Arbys,Beef 'n Cheddar Classic,Beef 'n Cheddar Classic (Arbys),450.0,180.0,20.0,6.0,1.0,50.0,1280.0,45.0,2.0,9.0,23.0
140,141,Arbys,Beef 'n Cheddar Mid,Beef 'n Cheddar Mid (Arbys),630.0,290.0,32.0,11.0,1.5,100.0,2100.0,48.0,2.0,9.0,39.0
141,142,Arbys,Bourbon BBQ Brisket Sandwich,Bourbon BBQ Brisket Sandwich (Arbys),650.0,300.0,33.0,12.0,1.0,105.0,1460.0,51.0,2.0,15.0,38.0
142,143,Arbys,Bourbon BBQ Chicken Sandwich,Bourbon BBQ Chicken Sandwich (Arbys),690.0,280.0,31.0,9.0,0.0,90.0,1990.0,66.0,3.0,16.0,38.0
143,144,Arbys,Bourbon BBQ Steak Sandwich,Bourbon BBQ Steak Sandwich (Arbys),690.0,280.0,31.0,9.0,0.0,90.0,1990.0,66.0,3.0,16.0,38.0
144,145,Arbys,Buttermilk Buffalo Chicken Sandwich,Buttermilk Buffalo Chicken Sandwich (Arbys),540.0,220.0,24.0,4.5,0.0,60.0,2110.0,53.0,2.0,6.0,29.0
145,146,Arbys,Buttermilk Chicken Bacon & Swiss,Buttermilk Chicken Bacon & Swiss (Arbys),650.0,280.0,31.0,9.0,0.0,90.0,1750.0,56.0,2.0,9.0,39.0
146,147,Arbys,Buttermilk Chicken Cordon Bleu Sandwich,Buttermilk Chicken Cordon Bleu Sandwich (Arbys),690.0,310.0,35.0,10.0,0.0,110.0,2000.0,53.0,1.0,7.0,41.0
147,148,Arbys,Buttermilk Crispy Chicken Sandwich,Buttermilk Crispy Chicken Sandwich (Arbys),550.0,230.0,26.0,4.5,0.0,60.0,1480.0,52.0,2.0,6.0,29.0
148,149,Arbys,Classic French Dip & Swiss/Au Jus,Classic French Dip & Swiss/Au Jus (Arbys),540.0,210.0,23.0,11.0,1.0,85.0,2500.0,50.0,2.0,3.0,35.0
149,150,Arbys,Classic Roast Beef,Classic Roast Beef (Arbys),360.0,120.0,14.0,5.0,0.5,50.0,970.0,37.0,2.0,5.0,23.0
150,151,Arbys,Double Roast Beef,Double Roast Beef (Arbys),510.0,210.0,24.0,9.0,1.5,95.0,1610.0,38.0,2.0,5.0,38.0
151,152,Arbys,Fire-Roasted Philly Steak,Fire-Roasted Philly Steak (Arbys),640.0,290.0,32.0,11.0,0.5,105.0,1950.0,46.0,3.0,4.0,42.0
152,153,Arbys,Grand Turkey Club,Grand Turkey Club (Arbys),480.0,220.0,24.0,7.0,0.0,65.0,1610.0,37.0,2.0,9.0,30.0
153,154,Arbys,Greek Gyro,Greek Gyro (Arbys),710.0,390.0,44.0,13.0,0.0,75.0,1360.0,55.0,4.0,6.0,23.0
154,155,Arbys,Half Pound Beef 'n Cheddar Sandwich,Half Pound Beef 'n Cheddar Sandwich (Arbys),740.0,350.0,39.0,14.0,2.0,130.0,2530.0,48.0,2.0,9.0,49.0
155,156,Arbys,Half Pound French Dip & Swiss,Half Pound French Dip & Swiss (Arbys),750.0,330.0,36.0,17.0,2.0,150.0,3350.0,51.0,2.0,3.0,55.0
156,157,Arbys,Half Pound Roast Beef Sandwich,Half Pound Roast Beef Sandwich (Arbys),610.0,270.0,30.0,12.0,2.0,130.0,2040.0,38.0,2.0,5.0,48.0
157,158,Arbys,Ham & Swiss Melt,Ham & Swiss Melt (Arbys),300.0,80.0,9.0,4.0,0.0,35.0,1030.0,37.0,2.0,6.0,18.0
158,159,Arbys,Loaded Italian Sandwich,Loaded Italian Sandwich (Arbys),680.0,360.0,40.0,14.0,0.5,100.0,2270.0,49.0,3.0,7.0,32.0
159,160,Arbys,Pecan Chicken Salad Flatbread,Pecan Chicken Salad Flatbread (Arbys),710.0,410.0,46.0,7.0,0.5,65.0,980.0,53.0,4.0,9.0,22.0
160,161,Arbys,Pecan Chicken Salad Sandwich,Pecan Chicken Salad Sandwich (Arbys),840.0,400.0,44.0,6.0,0.5,75.0,1210.0,81.0,6.0,20.0,33.0
161,162,Arbys,2 piece Prime-Cut Chicken Tenders,2 piece Prime-Cut Chicken Tenders (Arbys),240.0,100.0,11.0,1.5,0.0,30.0,640.0,19.0,1.0,0.0,16.0
162,163,Arbys,3 piece Prime-Cut Chicken Tenders,3 piece Prime-Cut Chicken Tenders (Arbys),360.0,150.0,17.0,2.5,0.0,45.0,950.0,28.0,2.0,0.0,23.0
163,164,Arbys,5 piece Prime-Cut Chicken Tenders,5 piece Prime-Cut Chicken Tenders (Arbys),600.0,250.0,28.0,4.0,0.0,75.0,1590.0,47.0,3.0,0.0,39.0
164,165,Arbys,Reuben Sandwich,Reuben Sandwich (Arbys),680.0,280.0,31.0,8.0,0.5,80.0,2420.0,62.0,4.0,5.0,37.0
165,166,Arbys,Roast Beef Gyro,Roast Beef Gyro (Arbys),550.0,260.0,29.0,7.0,1.0,60.0,1290.0,48.0,3.0,5.0,24.0
166,167,Arbys,Roast Turkey & Swiss Sandwich,Roast Turkey & Swiss Sandwich (Arbys),710.0,260.0,28.0,7.0,0.0,65.0,1930.0,79.0,5.0,15.0,38.0
167,168,Arbys,Roast Turkey & Swiss Wrap,Roast Turkey & Swiss Wrap (Arbys),520.0,240.0,27.0,9.0,0.0,65.0,1640.0,39.0,4.0,6.0,30.0
168,169,Arbys,"Roast Turkey, Ranch & Bacon Sandwich","Roast Turkey, Ranch & Bacon Sandwich (Arbys)",800.0,310.0,34.0,10.0,0.5,80.0,2420.0,79.0,5.0,16.0,45.0
169,170,Arbys,"Roast Turkey, Ranch & Bacon Wrap","Roast Turkey, Ranch & Bacon Wrap (Arbys)",620.0,310.0,34.0,11.0,0.5,85.0,2130.0,39.0,4.0,6.0,37.0
170,171,Arbys,Smoke Mountain w/ Beef Short Rib,Smoke Mountain w/ Beef Short Rib (Arbys),740.0,320.0,35.0,13.0,1.0,125.0,2050.0,62.0,4.0,17.0,43.0
171,172,Arbys,Smokehouse Beef Short Rib Sandwich,Smokehouse Beef Short Rib Sandwich (Arbys),590.0,250.0,59.0,10.0,1.0,75.0,1510.0,59.0,4.0,14.0,26.0
172,173,Arbys,Smokehouse Brisket,Smokehouse Brisket (Arbys),600.0,310.0,35.0,12.0,1.0,110.0,1240.0,42.0,2.0,7.0,33.0
173,174,Arbys,Super Roast Beef,Super Roast Beef (Arbys),430.0,160.0,17.0,5.0,1.0,45.0,1060.0,45.0,3.0,11.0,23.0
174,175,Arbys,Three Cheese Steak Sandwich,Three Cheese Steak Sandwich (Arbys),650.0,320.0,36.0,15.0,1.0,115.0,1760.0,44.0,2.0,9.0,30.0
175,176,Arbys,Triple Decker Sandwich,Triple Decker Sandwich (Arbys),1030.0,459.0,51.0,17.0,1.0,155.0,2940.0,83.0,5.0,19.0,62.0
176,177,Arbys,Turkey Avocado Club,Turkey Avocado Club (Arbys),730.0,252.0,28.0,6.0,0.0,65.0,2140.0,80.0,6.0,16.0,41.0
177,178,Arbys,Turkey Gyro,Turkey Gyro (Arbys),470.0,180.0,20.0,3.5,0.0,45.0,1520.0,48.0,3.0,5.0,25.0
178,179,Arbys,Ultimate BLT,Ultimate BLT (Arbys),980.0,495.0,55.0,14.0,0.0,85.0,2130.0,80.0,6.0,19.0,43.0
179,180,Arbys,Buffalo Chicken Slider,Buffalo Chicken Slider (Arbys),290.0,120.0,13.0,2.0,0.0,20.0,860.0,31.0,2.0,2.0,12.0
180,181,Arbys,Chicken Tender 'n Cheese Slider,Chicken Tender 'n Cheese Slider (Arbys),290.0,110.0,12.0,3.5,0.0,25.0,720.0,30.0,1.0,1.0,15.0
181,182,Arbys,Corned Beef 'n Cheese Slider,Corned Beef 'n Cheese Slider (Arbys),220.0,80.0,9.0,3.5,0.0,30.0,890.0,21.0,1.0,1.0,14.0
182,183,Arbys,Ham 'n Cheese Slider,Ham 'n Cheese Slider (Arbys),210.0,70.0,8.0,3.0,0.0,25.0,780.0,21.0,1.0,2.0,13.0
183,184,Arbys,Jalapeno Roast Beef 'n Cheese Slider,Jalapeno Roast Beef 'n Cheese Slider (Arbys),240.0,90.0,11.0,4.5,0.0,30.0,670.0,21.0,1.0,1.0,14.0
184,185,Arbys,Pizza Slider,Pizza Slider (Arbys),300.0,150.0,17.0,6.0,0.0,35.0,930.0,23.0,1.0,2.0,13.0
185,186,Arbys,Roast Beef 'n Cheese Slider,Roast Beef 'n Cheese Slider (Arbys),240.0,90.0,11.0,4.5,0.0,30.0,670.0,21.0,1.0,1.0,14.0
186,187,Arbys,Turkey 'n Cheese Slider,Turkey 'n Cheese Slider (Arbys),200.0,60.0,7.0,2.5,0.0,25.0,760.0,21.0,1.0,2.0,14.0
187,188,Arbys,Chopped Side Salad,Chopped Side Salad (Arbys),70.0,45.0,5.0,2.5,0.0,15.0,100.0,4.0,1.0,2.0,5.0
188,189,Arbys,Crispy Chicken Farmhouse Salad,Crispy Chicken Farmhouse Salad (Arbys),430.0,220.0,24.0,8.0,0.0,65.0,1000.0,26.0,4.0,4.0,28.0
189,190,Arbys,Greek Gyro Salad,Greek Gyro Salad (Arbys),420.0,340.0,37.0,9.0,0.0,55.0,700.0,11.0,2.0,4.0,10.0
190,191,Arbys,Roast Turkey Farmhouse Salad,Roast Turkey Farmhouse Salad (Arbys),230.0,120.0,13.0,7.0,0.0,55.0,870.0,8.0,2.0,5.0,22.0
191,192,Arbys,Super Greek Salad,Super Greek Salad (Arbys),720.0,480.0,53.0,15.0,0.0,85.0,1310.0,39.0,5.0,7.0,22.0
192,193,Burger King,American Brewhouse King,American Brewhouse King (Burger King),1550.0,1134.0,126.0,47.0,8.0,805.0,1820.0,21.0,3.0,7.0,134.0
193,194,Burger King,Bacon & Swiss Sourdough King,Bacon & Swiss Sourdough King (Burger King),1000.0,585.0,65.0,24.0,3.0,200.0,1320.0,48.0,2.0,8.0,56.0
194,195,Burger King,Bacon Cheeseburger,Bacon Cheeseburger (Burger King),330.0,140.0,16.0,7.0,0.0,55.0,830.0,32.0,1.0,7.0,18.0
195,196,Burger King,Bacon Cheeseburger Deluxe,Bacon Cheeseburger Deluxe (Burger King),290.0,120.0,14.0,6.0,0.5,40.0,720.0,28.0,1.0,7.0,12.0
196,197,Burger King,Bacon King,Bacon King (Burger King),1040.0,630.0,48.0,28.0,2.5,220.0,1900.0,48.0,1.0,10.0,57.0
197,198,Burger King,Bacon King Jr,Bacon King Jr (Burger King),730.0,351.0,39.0,9.0,0.0,90.0,1930.0,63.0,0.0,16.0,32.0
198,199,Burger King,BBQ Bacon King,BBQ Bacon King (Burger King),1100.0,675.0,75.0,29.0,3.0,220.0,1850.0,51.0,4.137176938369781,13.0,57.0
199,200,Burger King,Cheeseburger,Cheeseburger (Burger King),300.0,130.0,14.0,6.0,0.0,45.0,710.0,28.0,1.0,6.0,16.0
200,201,Burger King,Double Bacon Cheeseburger,Double Bacon Cheeseburger (Burger King),520.0,280.0,31.0,14.0,1.0,105.0,1180.0,33.0,1.0,8.0,31.0
201,202,Burger King,Double Cheeseburger,Double Cheeseburger (Burger King),450.0,230.0,26.0,12.0,1.0,95.0,960.0,29.0,1.0,6.0,26.0
202,203,Burger King,Double Hamburger,Double Hamburger (Burger King),360.0,160.0,18.0,8.0,0.0,70.0,520.0,28.0,1.0,6.0,22.0
203,204,Burger King,Double Quarter Pound King,Double Quarter Pound King (Burger King),900.0,486.0,54.0,25.0,3.0,210.0,1740.0,50.0,2.0,11.0,56.0
204,205,Burger King,Extra Long Cheeseburger,Extra Long Cheeseburger (Burger King),580.0,300.0,33.0,13.0,1.5,85.0,1030.0,45.0,2.0,9.0,26.0
205,206,Burger King,Farmhouse King,Farmhouse King (Burger King),1220.0,720.0,80.0,28.0,3.0,335.0,2050.0,62.0,4.137176938369781,15.0,27.891050583657588
206,207,Burger King,Hamburger,Hamburger (Burger King),260.0,90.0,10.0,4.0,0.0,35.0,490.0,28.0,1.0,6.0,13.0
207,208,Burger King,Homestyle Cheeseburger,Homestyle Cheeseburger (Burger King),550.0,250.0,27.0,12.0,1.5,95.0,1140.0,48.0,2.0,10.0,30.0
208,209,Burger King,Jalapeno King Sandwich,Jalapeno King Sandwich (Burger King),990.0,585.0,65.0,24.0,3.0,205.0,1550.0,46.0,2.0,7.0,55.0
209,210,Burger King,Mushroom & Swiss King,Mushroom & Swiss King (Burger King),940.0,567.0,63.0,21.0,2.5,175.0,1380.0,45.0,4.137176938369781,8.0,49.0
210,211,Burger King,Rodeo Burger,Rodeo Burger (Burger King),310.0,110.0,13.0,4.0,0.5,25.0,450.0,38.0,1.0,9.0,9.0
211,212,Burger King,Rodeo King,Rodeo King (Burger King),1250.0,738.0,82.0,31.0,3.5,230.0,2270.0,69.0,3.0,14.0,60.0
212,213,Burger King,Sourdough King Single,Sourdough King Single (Burger King),730.0,387.0,43.0,16.0,1.5,125.0,1570.0,52.0,2.0,12.0,35.0
213,214,Burger King,Sourdough King Double,Sourdough King Double (Burger King),970.0,549.0,61.0,24.0,3.0,205.0,1640.0,52.0,2.0,12.0,55.0
214,215,Burger King,Steakhouse King,Steakhouse King (Burger King),1100.0,666.0,74.0,24.0,1.0,180.0,1620.0,59.0,4.137176938369781,13.0,50.0
215,216,Burger King,Bacon & Cheese Whopper,Bacon & Cheese Whopper (Burger King),770.0,432.0,48.0,16.0,2.0,95.0,1360.0,47.0,2.0,9.0,29.0
216,217,Burger King,DOUBLE WHOPPER w/o Cheese,DOUBLE WHOPPER w/o Cheese (Burger King),900.0,510.0,57.0,19.0,2.0,140.0,1050.0,51.0,3.0,11.0,47.0
217,218,Burger King,DOUBLE WHOPPER w/ Cheese,DOUBLE WHOPPER w/ Cheese (Burger King),990.0,580.0,65.0,24.0,2.0,160.0,1480.0,53.0,3.0,11.0,52.0
218,219,Burger King,WHOPPER w/o Cheese,WHOPPER w/o Cheese (Burger King),660.0,360.0,40.0,12.0,1.5,90.0,980.0,49.0,2.0,11.0,28.0
219,220,Burger King,WHOPPER w/ Cheese,WHOPPER w/ Cheese (Burger King),760.0,430.0,47.0,16.0,1.0,100.0,1410.0,53.0,3.0,11.0,33.0
220,221,Burger King,WHOPPER JR. w/o Cheese,WHOPPER JR. w/o Cheese (Burger King),340.0,170.0,19.0,5.0,0.0,40.0,510.0,28.0,2.0,6.0,14.0
221,222,Burger King,WHOPPER JR. w/ Cheese,WHOPPER JR. w/ Cheese (Burger King),380.0,210.0,23.0,8.0,1.0,55.0,730.0,29.0,2.0,6.0,16.0
222,223,Burger King,Bacon Cheddar Ranch Chicken Salad w/ grilled Chicken & Dressing,Bacon Cheddar Ranch Chicken Salad w/ grilled Chicken & Dressing (Burger King),590.0,360.0,40.0,12.0,0.0,150.0,1540.0,18.0,3.0,6.0,42.0
223,224,Burger King,Bacon Cheddar Ranch Chicken Salad w/ crispy Chicken & Dressing,Bacon Cheddar Ranch Chicken Salad w/ crispy Chicken & Dressing (Burger King),720.0,450.0,50.0,13.0,0.0,120.0,1960.0,32.0,5.0,7.0,36.0
224,225,Burger King,Chicken BLT Salad w/ Grilled Chicken,Chicken BLT Salad w/ Grilled Chicken (Burger King),550.0,330.0,37.0,10.0,0.0,115.0,1640.0,17.0,3.0,5.0,36.0
225,226,Burger King,Chicken BLT Salad w/ Crispy Chicken,Chicken BLT Salad w/ Crispy Chicken (Burger King),690.0,430.0,48.0,12.0,1.0,100.0,1750.0,31.0,4.0,8.0,35.0
226,227,Burger King,Chicken Caesar Salad w/ Grilled Chicken,Chicken Caesar Salad w/ Grilled Chicken (Burger King),530.0,290.0,32.0,5.0,0.0,95.0,1640.0,26.0,3.0,6.0,35.0
227,228,Burger King,Chicken Caesar Salad w/ Crispy Chicken,Chicken Caesar Salad w/ Crispy Chicken (Burger King),670.0,380.0,43.0,7.0,0.0,80.0,1760.0,40.0,5.0,8.0,34.0
228,229,Burger King,"Chicken, Apple & Cranberry Salad w/ Grilled Chicken","Chicken, Apple & Cranberry Salad w/ Grilled Chicken (Burger King)",560.0,270.0,30.0,7.0,0.0,90.0,980.0,40.0,4.0,34.0,29.0
229,230,Burger King,"Chicken, Apple & Cranberry Salad w/ Crispy Chicken","Chicken, Apple & Cranberry Salad w/ Crispy Chicken (Burger King)",700.0,370.0,41.0,9.0,0.0,80.0,1090.0,54.0,5.0,37.0,28.0
230,231,Burger King,"Garden Grilled Chicken Salad w/ Grilled Chicken, no dressing","Garden Grilled Chicken Salad w/ Grilled Chicken, no dressing (Burger King)",320.0,120.0,14.0,6.0,0.0,115.0,650.0,16.0,2.0,4.0,36.0
231,232,Burger King,"Garden Grilled Chicken Salad w/ Crispy Chicken, no dressing","Garden Grilled Chicken Salad w/ Crispy Chicken, no dressing (Burger King)",450.0,220.0,24.0,7.0,0.0,85.0,1070.0,30.0,5.0,6.0,29.0
232,233,Burger King,Side Caesar Salad with dressing,Side Caesar Salad with dressing (Burger King),220.0,180.0,20.0,4.0,0.0,10.0,540.0,7.0,2.0,3.0,6.0
233,234,Burger King,Side Garden Salad and Avocado Ranch Dressing,Side Garden Salad and Avocado Ranch Dressing (Burger King),230.0,190.0,21.0,5.0,0.0,30.0,520.0,7.0,2.0,3.0,5.0
234,235,Burger King,Bacon Cheddar Ranch Crispy Chicken Sandwich,Bacon Cheddar Ranch Crispy Chicken Sandwich (Burger King),830.0,468.0,52.0,14.0,0.5,110.0,2100.0,57.0,4.137176938369781,9.0,34.0
235,236,Burger King,BBQ Bacon Crispy Chicken Sandwich,BBQ Bacon Crispy Chicken Sandwich (Burger King),440.0,243.0,27.0,4.5,0.0,15.0,630.0,44.0,4.137176938369781,13.0,7.0
236,237,Burger King,Big Fish Sandwich,Big Fish Sandwich (Burger King),530.0,250.0,27.0,4.5,0.0,30.0,1360.0,54.0,2.0,7.0,17.0
237,238,Burger King,BK VEGGIE Burger,BK VEGGIE Burger (Burger King),410.0,150.0,16.0,3.0,0.0,5.0,1030.0,44.0,7.0,8.0,22.0
238,239,Burger King,Chicken Burger,Chicken Burger (Burger King),480.0,220.0,25.0,2.5,0.0,5.0,1160.0,42.0,2.0,10.0,22.0
239,240,Burger King,Chicken Cordon Bleu Sandwich,Chicken Cordon Bleu Sandwich (Burger King),730.0,351.0,39.0,9.0,0.0,90.0,1930.0,63.0,4.137176938369781,16.0,32.0
240,241,Burger King,Chicken Fries,Chicken Fries (Burger King),290.0,150.0,17.0,3.0,1.5,40.0,780.0,18.0,1.0,1.0,16.0
241,242,Burger King,4 Piece Chicken Nuggets,4 Piece Chicken Nuggets (Burger King),190.0,100.0,11.0,2.0,0.0,25.0,310.0,10.0,1.0,0.0,10.0
242,243,Burger King,6 Piece Chicken Nuggets,6 Piece Chicken Nuggets (Burger King),290.0,150.0,17.0,3.0,0.0,40.0,460.0,15.0,1.0,0.0,15.0
243,244,Burger King,20 Piece Chicken Nuggets,20 Piece Chicken Nuggets (Burger King),950.0,500.0,55.0,11.0,0.0,130.0,1530.0,50.0,5.0,0.0,51.0
244,245,Burger King,Chicken Nuggets (10pc),Chicken Nuggets (10pc) (Burger King),470.0,260.0,29.0,5.0,0.0,50.0,890.0,34.0,5.0,0.0,21.0
245,246,Burger King,Chicken Parmesan Sandwich,Chicken Parmesan Sandwich (Burger King),570.0,225.0,25.0,8.0,0.0,70.0,1340.0,57.0,4.137176938369781,9.0,32.0
246,247,Burger King,Crispy Buffalo Chicken Melt,Crispy Buffalo Chicken Melt (Burger King),580.0,252.0,28.0,8.0,0.5,70.0,2310.0,56.0,4.137176938369781,8.0,30.0
247,248,Burger King,Crispy Chicken Jr.,Crispy Chicken Jr. (Burger King),430.0,250.0,28.0,4.5,0.0,30.0,760.0,34.0,2.0,4.0,12.0
248,249,Burger King,Crispy Chicken Sandwich,Crispy Chicken Sandwich (Burger King),670.0,370.0,41.0,7.0,0.5,60.0,1070.0,54.0,2.0,7.0,23.0
249,250,Burger King,Grilled Chicken Sandwich,Grilled Chicken Sandwich (Burger King),470.0,170.0,19.0,3.5,0.0,85.0,850.0,39.0,2.0,6.0,37.0
250,251,Burger King,Grilled Chili Cheese Dog,Grilled Chili Cheese Dog (Burger King),330.0,170.0,19.0,8.0,1.0,40.0,980.0,28.0,2.0,5.0,14.0
251,252,Burger King,Grilled Hot Dog,Grilled Hot Dog (Burger King),310.0,140.0,16.0,6.0,1.0,30.0,960.0,32.0,2.0,10.0,11.0
252,253,Burger King,Jalapeno Chicken Fries,Jalapeno Chicken Fries (Burger King),300.0,160.0,18.0,3.0,0.0,40.0,950.0,19.0,1.0,1.0,15.0
253,254,Burger King,Original Chicken Sandwich,Original Chicken Sandwich (Burger King),630.0,350.0,39.0,7.0,1.0,65.0,1390.0,46.0,3.0,4.0,24.0
254,255,Burger King,Pretzel Chicken Fries,Pretzel Chicken Fries (Burger King),340.0,189.0,21.0,3.5,0.0,45.0,1200.0,21.0,1.0,1.0,16.0
255,256,Burger King,Rodeo Crispy Chicken Sandwich,Rodeo Crispy Chicken Sandwich (Burger King),410.0,150.0,17.0,3.0,0.0,20.0,870.0,53.0,2.0,14.0,12.0
256,257,Burger King,Sourdough Chicken Club,Sourdough Chicken Club (Burger King),840.0,459.0,51.0,12.0,1.0,95.0,1760.0,62.0,3.0,7.0,32.0
257,258,Burger King,4 Piece Spicy Chicken Nuggets,4 Piece Spicy Chicken Nuggets (Burger King),210.0,135.0,15.0,3.0,0.0,20.0,570.0,11.0,2.0,0.0,8.0
258,259,Burger King,Spicy Chicken Nuggets,Spicy Chicken Nuggets (Burger King),530.0,333.0,37.0,7.0,0.0,55.0,1420.0,28.0,4.137176938369781,0.0,20.0
259,260,Burger King,Spicy Crispy Chicken Jr.,Spicy Crispy Chicken Jr. (Burger King),410.0,220.0,25.0,4.5,0.0,35.0,850.0,35.0,2.0,5.0,12.0
260,261,Burger King,Spicy Crispy Chicken Sandwich,Spicy Crispy Chicken Sandwich (Burger King),700.0,378.0,42.0,7.0,0.0,65.0,1140.0,57.0,3.0,8.0,25.0
261,262,Burger King,Spicy Crispy Jalapeno Chicken Sandwich,Spicy Crispy Jalapeno Chicken Sandwich (Burger King),760.0,405.0,45.0,11.0,0.0,95.0,1720.0,58.0,3.0,8.0,32.0
262,263,Dairy Queen,1/2 lb. FlameThrower® GrillBurger,1/2 lb. FlameThrower® GrillBurger (Dairy Queen),1000.0,660.0,74.0,26.0,2.0,170.0,1610.0,40.0,2.0,9.0,46.0
263,264,Dairy Queen,1/2 lb. GrillBurger with Cheese,1/2 lb. GrillBurger with Cheese (Dairy Queen),800.0,460.0,51.0,20.0,2.0,135.0,1280.0,44.0,3.0,13.0,40.0
264,265,Dairy Queen,1/4 lb. Bacon Cheese GrillBurger,1/4 lb. Bacon Cheese GrillBurger (Dairy Queen),630.0,330.0,37.0,13.0,1.0,95.0,1250.0,44.0,2.0,13.0,30.0
265,266,Dairy Queen,1/4 lb. GrillBurger with Cheese,1/4 lb. GrillBurger with Cheese (Dairy Queen),540.0,270.0,30.0,11.0,1.0,70.0,1020.0,44.0,3.0,13.0,23.0
266,267,Dairy Queen,1/4 lb. Mushroom Swiss GrillBurger,1/4 lb. Mushroom Swiss GrillBurger (Dairy Queen),570.0,310.0,35.0,11.0,1.0,75.0,820.0,39.0,2.0,8.0,24.0
267,268,Dairy Queen,Original Cheeseburger,Original Cheeseburger (Dairy Queen),400.0,160.0,18.0,9.0,1.0,65.0,930.0,34.0,1.0,8.0,19.0
268,269,Dairy Queen,Original Double Cheeseburger,Original Double Cheeseburger (Dairy Queen),630.0,310.0,34.0,18.0,2.0,125.0,1240.0,34.0,1.0,9.0,34.0
269,270,Dairy Queen,4 Piece Chicken Strip Basket w/ Country Gravy,4 Piece Chicken Strip Basket w/ Country Gravy (Dairy Queen),1030.0,480.0,53.0,9.0,1.0,80.0,2780.0,105.0,9.0,4.0,35.0
270,271,Dairy Queen,6 Piece Chicken Strip Basket w/ Country Gravy,6 Piece Chicken Strip Basket w/ Country Gravy (Dairy Queen),1260.0,590.0,66.0,11.0,1.0,120.0,3500.0,121.0,12.0,4.0,49.0
271,272,Dairy Queen,Bacon Cheese Dog,Bacon Cheese Dog (Dairy Queen),420.0,240.0,26.0,11.0,1.0,60.0,1140.0,26.0,1.0,3.0,19.0
272,273,Dairy Queen,Cheese Dog,Cheese Dog (Dairy Queen),390.0,220.0,24.0,11.0,1.0,50.0,1000.0,26.0,1.0,3.0,16.0
273,274,Dairy Queen,Chili Cheese Dog,Chili Cheese Dog (Dairy Queen),380.0,220.0,24.0,11.0,1.0,55.0,900.0,23.0,1.0,3.0,16.0
274,275,Dairy Queen,Chili Dog,Chili Dog (Dairy Queen),330.0,180.0,20.0,8.0,1.0,40.0,1050.0,24.0,1.0,5.0,13.0
275,276,Dairy Queen,Hot Dog,Hot Dog (Dairy Queen),290.0,160.0,17.0,7.0,1.0,35.0,900.0,22.0,1.0,4.0,11.0
276,277,Dairy Queen,Relish Dog,Relish Dog (Dairy Queen),350.0,180.0,20.0,8.0,1.0,35.0,1000.0,30.0,1.0,6.0,13.0
277,278,Dairy Queen,Barbecue Pork Sandwich,Barbecue Pork Sandwich (Dairy Queen),310.0,80.0,9.0,3.0,0.0,50.0,830.0,41.0,2.0,9.0,17.0
278,279,Dairy Queen,Breaded Mushrooms,Breaded Mushrooms (Dairy Queen),250.0,80.0,9.0,1.0,0.0,0.0,500.0,36.0,2.0,1.0,7.0
279,280,Dairy Queen,Regular Cheese Curds,Regular Cheese Curds (Dairy Queen),550.0,410.0,45.0,25.0,0.0,150.0,900.0,0.0,0.0,0.0,35.0
280,281,Dairy Queen,Large Cheese Curds,Large Cheese Curds (Dairy Queen),1050.0,670.0,75.0,43.0,1.0,180.0,2210.0,52.0,0.0,30.0,43.0
281,282,Dairy Queen,Chili Cheese Mega Dog,Chili Cheese Mega Dog (Dairy Queen),760.0,440.0,49.0,21.0,2.0,100.0,1570.0,48.0,2.0,6.0,32.0
282,283,Dairy Queen,Corn Dog,Corn Dog (Dairy Queen),260.0,140.0,15.0,4.0,0.0,20.0,450.0,26.0,1.0,7.0,6.0
283,284,Dairy Queen,Crispy Fish Sandwich,Crispy Fish Sandwich (Dairy Queen),470.0,200.0,22.0,3.0,0.0,20.0,1210.0,53.0,2.0,7.0,17.0
284,285,Dairy Queen,Deluxe Cheeseburger,Deluxe Cheeseburger (Dairy Queen),400.0,160.0,18.0,9.0,1.0,65.0,930.0,35.0,1.0,9.0,20.0
285,286,Dairy Queen,Deluxe Double Cheeseburger,Deluxe Double Cheeseburger (Dairy Queen),640.0,310.0,34.0,18.0,2.0,125.0,1240.0,35.0,1.0,9.0,34.0
286,287,Dairy Queen,Deluxe Double Hamburger,Deluxe Double Hamburger (Dairy Queen),540.0,240.0,26.0,13.0,1.0,100.0,750.0,34.0,1.0,9.0,29.0
287,288,Dairy Queen,Deluxe Hamburger,Deluxe Hamburger (Dairy Queen),350.0,130.0,14.0,7.0,1.0,50.0,680.0,34.0,1.0,9.0,17.0
288,289,Dairy Queen,DQ Ultimate® Burger,DQ Ultimate® Burger (Dairy Queen),780.0,430.0,48.0,22.0,2.0,150.0,1390.0,34.0,1.0,7.0,41.0
289,290,Dairy Queen,Pork Tenderloin Sandwich,Pork Tenderloin Sandwich (Dairy Queen),580.0,310.0,34.0,7.0,0.0,45.0,910.0,48.0,2.0,6.0,19.0
290,291,Dairy Queen,Steak Finger Basket,Steak Finger Basket (Dairy Queen),910.0,430.0,48.0,13.0,0.5,45.0,2210.0,95.0,5.0,2.0,23.0
291,292,Dairy Queen,3 chicken strips Chicken Strips,3 chicken strips Chicken Strips (Dairy Queen),350.0,180.0,20.0,3.0,0.0,60.0,960.0,22.0,10.0,0.0,22.0
292,293,Dairy Queen,Chicken Bacon Ranch Sandwich,Chicken Bacon Ranch Sandwich (Dairy Queen),500.0,180.0,20.0,8.0,0.0,65.0,1190.0,45.0,3.0,3.0,33.0
293,294,Dairy Queen,Chicken Mozzarella Sandwich,Chicken Mozzarella Sandwich (Dairy Queen),640.0,220.0,25.0,8.0,0.0,60.0,1530.0,68.0,4.0,3.0,34.0
294,295,Dairy Queen,Crispy Chicken BLT Salad,Crispy Chicken BLT Salad (Dairy Queen),520.0,280.0,31.0,10.0,0.0,100.0,1470.0,25.0,9.0,6.0,37.0
295,296,Dairy Queen,Crispy Chicken Garden Greens Salad,Crispy Chicken Garden Greens Salad (Dairy Queen),280.0,120.0,13.0,2.0,0.0,40.0,670.0,24.0,9.0,6.0,17.0
296,297,Dairy Queen,Crispy Chicken Sandwich,Crispy Chicken Sandwich (Dairy Queen),600.0,270.0,30.0,5.0,0.0,55.0,1250.0,59.0,7.0,8.0,24.0
297,298,Dairy Queen,Crispy Chicken Wrap,Crispy Chicken Wrap (Dairy Queen),350.0,190.0,21.0,5.0,0.0,35.0,820.0,30.0,2.0,1.0,12.0
298,299,Dairy Queen,Grilled Chicken BLT Salad,Grilled Chicken BLT Salad (Dairy Queen),380.0,170.0,19.0,9.0,0.0,100.0,1540.0,11.0,3.0,6.0,42.0
299,300,Dairy Queen,Grilled Chicken Garden Greens Salad,Grilled Chicken Garden Greens Salad (Dairy Queen),150.0,20.0,2.0,0.5,0.0,40.0,730.0,10.0,3.0,6.0,23.0
300,301,Dairy Queen,Grilled Chicken Sandwich,Grilled Chicken Sandwich (Dairy Queen),360.0,140.0,15.0,3.0,0.0,50.0,1040.0,32.0,1.0,5.0,25.0
301,302,Dairy Queen,Grilled Chicken Wrap,Grilled Chicken Wrap (Dairy Queen),280.0,130.0,15.0,4.0,0.0,30.0,800.0,22.0,1.0,1.0,15.0
302,303,Dairy Queen,Side Salad,Side Salad (Dairy Queen),20.0,0.0,0.0,0.0,0.0,0.0,15.0,5.0,2.0,3.0,1.0
303,304,Dairy Queen,Turkey BLT Sandwich,Turkey BLT Sandwich (Dairy Queen),550.0,240.0,26.0,8.0,0.0,60.0,1420.0,45.0,3.0,3.0,30.0
304,305,Subway,"6"" B.L.T.","6"" B.L.T. (Subway)",320.0,80.0,9.0,4.0,0.0,20.0,680.0,43.0,5.0,6.0,15.0
305,306,Subway,Footlong B.L.T.,Footlong B.L.T. (Subway),640.0,160.0,18.0,8.0,0.0,40.0,1360.0,86.0,10.0,12.0,30.0
306,307,Subway,"6"" BBQ Rib Sandwich","6"" BBQ Rib Sandwich (Subway)",430.0,160.0,18.0,6.0,0.0,50.0,590.0,47.0,5.0,8.0,19.0
307,308,Subway,Footlong BBQ Rib Sandwich,Footlong BBQ Rib Sandwich (Subway),860.0,320.0,36.0,12.0,0.0,100.0,1180.0,94.0,10.0,16.0,38.0
308,309,Subway,"6"" Big Hot Pastrami","6"" Big Hot Pastrami (Subway)",580.0,310.0,31.0,11.0,0.0,85.0,1470.0,47.0,5.0,7.0,29.0
309,310,Subway,Footlong Big Hot Pastrami,Footlong Big Hot Pastrami (Subway),1160.0,620.0,62.0,22.0,0.0,170.0,2940.0,94.0,10.0,14.0,58.0
310,311,Subway,"6"" Big Philly Cheesesteak","6"" Big Philly Cheesesteak (Subway)",500.0,150.0,17.0,9.0,1.0,85.0,1310.0,51.0,6.0,8.0,38.0
311,312,Subway,Footlong Big Philly Cheesesteak,Footlong Big Philly Cheesesteak (Subway),1000.0,300.0,34.0,18.0,2.0,170.0,2620.0,102.0,12.0,16.0,76.0
312,313,Subway,Kids Mini Sub Black Forest Ham,Kids Mini Sub Black Forest Ham (Subway),180.0,20.0,3.0,0.5,0.0,10.0,450.0,30.0,3.0,5.0,10.0
313,314,Subway,"6"" Black Forest Ham","6"" Black Forest Ham (Subway)",290.0,40.0,5.0,1.0,0.0,20.0,830.0,46.0,5.0,8.0,18.0
314,315,Subway,Footlong Black Forest Ham,Footlong Black Forest Ham (Subway),580.0,80.0,10.0,2.0,0.0,40.0,1660.0,92.0,10.0,16.0,36.0
315,316,Subway,"6"" Carved Turkey","6"" Carved Turkey (Subway)",330.0,45.0,5.0,1.0,0.0,45.0,890.0,45.0,5.0,7.0,25.0
316,317,Subway,Footlong Carved Turkey,Footlong Carved Turkey (Subway),660.0,90.0,10.0,2.0,0.0,90.0,1780.0,90.0,10.0,14.0,50.0
317,318,Subway,"6"" Carved Turkey & Bacon w/ Cheese","6"" Carved Turkey & Bacon w/ Cheese (Subway)",570.0,230.0,26.0,7.0,0.0,70.0,1600.0,46.0,5.0,8.0,33.0
318,319,Subway,Footlong Carved Turkey & Bacon w/ Cheese,Footlong Carved Turkey & Bacon w/ Cheese (Subway),1140.0,460.0,52.0,14.0,0.0,140.0,3200.0,92.0,10.0,16.0,66.0
319,320,Subway,"6"" Chicken & Bacon Ranch Melt","6"" Chicken & Bacon Ranch Melt (Subway)",570.0,250.0,28.0,10.0,1.0,95.0,1080.0,47.0,5.0,8.0,35.0
320,321,Subway,Footlong Chicken & Bacon Ranch Melt,Footlong Chicken & Bacon Ranch Melt (Subway),1140.0,500.0,56.0,20.0,2.0,190.0,2160.0,94.0,10.0,16.0,70.0
321,322,Subway,"6"" Chicken Pizziola Melt","6"" Chicken Pizziola Melt (Subway)",460.0,140.0,16.0,6.0,0.0,80.0,1140.0,49.0,6.0,9.0,32.0
322,323,Subway,Footlong Chicken Pizziola Melt,Footlong Chicken Pizziola Melt (Subway),920.0,280.0,32.0,12.0,0.0,160.0,2280.0,98.0,12.0,18.0,64.0
323,324,Subway,"6"" Cold Cut Combo","6"" Cold Cut Combo (Subway)",370.0,120.0,13.0,4.0,0.0,50.0,1140.0,46.0,5.0,7.0,18.0
324,325,Subway,Footlong Cold Cut Combo,Footlong Cold Cut Combo (Subway),740.0,240.0,26.0,8.0,0.0,100.0,2280.0,92.0,10.0,14.0,36.0
325,326,Subway,"6"" Corned Beef Reuben","6"" Corned Beef Reuben (Subway)",470.0,130.0,15.0,4.5,0.0,85.0,1770.0,45.0,7.0,12.0,39.0
326,327,Subway,Footlong Corned Beef Reuben,Footlong Corned Beef Reuben (Subway),940.0,260.0,30.0,9.0,0.0,170.0,3540.0,90.0,14.0,24.0,78.0
327,328,Subway,"6"" Italian B.M.T.","6"" Italian B.M.T. (Subway)",410.0,150.0,16.0,6.0,0.0,45.0,1300.0,46.0,5.0,8.0,20.0
328,329,Subway,Footlong Italian B.M.T.,Footlong Italian B.M.T. (Subway),820.0,300.0,32.0,12.0,0.0,90.0,2600.0,92.0,10.0,16.0,40.0
329,330,Subway,"6"" Italian Hero","6"" Italian Hero (Subway)",550.0,260.0,29.0,10.0,0.0,75.0,1470.0,47.0,5.0,9.0,26.0
330,331,Subway,Footlong Italian Hero,Footlong Italian Hero (Subway),1100.0,520.0,58.0,20.0,0.0,150.0,2940.0,94.0,10.0,18.0,52.0
331,332,Subway,"6"" Meatball Marinara","6"" Meatball Marinara (Subway)",480.0,160.0,18.0,7.0,1.0,30.0,950.0,59.0,8.0,12.0,21.0
332,333,Subway,Footlong Meatball Marinara,Footlong Meatball Marinara (Subway),960.0,320.0,36.0,14.0,2.0,60.0,1900.0,118.0,16.0,24.0,42.0
333,334,Subway,"6"" Oven Roasted Chicken","6"" Oven Roasted Chicken (Subway)",320.0,40.0,5.0,2.0,0.0,25.0,640.0,47.0,5.0,8.0,23.0
334,335,Subway,Footlong Oven Roasted Chicken,Footlong Oven Roasted Chicken (Subway),640.0,80.0,10.0,4.0,0.0,50.0,1280.0,44.0,10.0,16.0,46.0
335,336,Subway,Kids Mini Sub Roast Beef,Kids Mini Sub Roast Beef (Subway),200.0,25.0,3.0,1.0,0.0,25.0,390.0,30.0,4.0,5.0,14.0
336,337,Subway,"6"" Roast Beef","6"" Roast Beef (Subway)",320.0,40.0,5.0,2.0,0.0,40.0,700.0,45.0,5.0,7.0,24.0
337,338,Subway,Footlong Roast Beef,Footlong Roast Beef (Subway),640.0,80.0,10.0,4.0,0.0,80.0,1400.0,90.0,10.0,14.0,48.0
338,339,Subway,"6"" Rotisserie Style Chicken","6"" Rotisserie Style Chicken (Subway)",350.0,50.0,6.0,1.5,0.0,50.0,540.0,44.0,5.0,7.0,29.0
339,340,Subway,Footlong Rotisserie Style Chicken,Footlong Rotisserie Style Chicken (Subway),700.0,100.0,12.0,3.0,0.0,100.0,1080.0,88.0,10.0,14.0,58.0
340,341,Subway,"6"" Spicy Italian","6"" Spicy Italian (Subway)",480.0,220.0,24.0,9.0,1.0,50.0,1520.0,46.0,5.0,8.0,20.0
341,342,Subway,Footlong Spicy Italian,Footlong Spicy Italian (Subway),960.0,440.0,48.0,18.0,2.0,100.0,3040.0,92.0,10.0,16.0,40.0
342,343,Subway,"6"" Steak and Cheese","6"" Steak and Cheese (Subway)",380.0,90.0,10.0,5.0,0.0,50.0,1060.0,48.0,5.0,8.0,26.0
343,344,Subway,Footlong Steak and Cheese,Footlong Steak and Cheese (Subway),760.0,180.0,20.0,10.0,0.0,100.0,2120.0,96.0,10.0,16.0,52.0
344,345,Subway,"6"" Subway Club","6"" Subway Club (Subway)",310.0,40.0,5.0,2.0,0.0,40.0,880.0,46.0,5.0,7.0,23.0
345,346,Subway,Footlong Subway Club,Footlong Subway Club (Subway),620.0,80.0,10.0,4.0,0.0,80.0,1760.0,92.0,10.0,14.0,46.0
346,347,Subway,"6"" Subway Melt (includes cheese)","6"" Subway Melt (includes cheese) (Subway)",370.0,100.0,11.0,5.0,0.0,45.0,1210.0,47.0,5.0,8.0,23.0
347,348,Subway,Footlong Subway Melt (includes cheese),Footlong Subway Melt (includes cheese) (Subway),740.0,200.0,22.0,10.0,0.0,90.0,1420.0,94.0,10.0,16.0,46.0
348,349,Subway,"6"" Subway Seafood Sensation","6"" Subway Seafood Sensation (Subway)",420.0,170.0,19.0,3.0,0.0,20.0,690.0,51.0,5.0,8.0,13.0
349,350,Subway,Footlong Subway Seafood Sensation,Footlong Subway Seafood Sensation (Subway),840.0,340.0,38.0,6.0,0.0,40.0,1380.0,102.0,10.0,16.0,26.0
350,351,Subway,"6"" Sweet Onion Chicken Teriyaki","6"" Sweet Onion Chicken Teriyaki (Subway)",380.0,40.0,5.0,1.0,0.0,50.0,900.0,59.0,5.0,18.0,26.0
351,352,Subway,Footlong Sweet Onion Chicken Teriyaki,Footlong Sweet Onion Chicken Teriyaki (Subway),760.0,80.0,10.0,2.0,0.0,100.0,1800.0,118.0,10.0,36.0,52.0
352,353,Subway,"6"" Tuna","6"" Tuna (Subway)",470.0,210.0,24.0,4.0,0.0,30.0,620.0,44.0,5.0,6.0,20.0
353,354,Subway,Footlong Tuna,Footlong Tuna (Subway),940.0,420.0,48.0,8.0,0.0,60.0,1240.0,88.0,10.0,12.0,40.0
354,355,Subway,"6"" Turkey & Bacon Avocado","6"" Turkey & Bacon Avocado (Subway)",390.0,110.0,13.0,3.5,0.0,30.0,860.0,49.0,8.0,7.0,22.0
355,356,Subway,Footlong Turkey & Bacon Avocado,Footlong Turkey & Bacon Avocado (Subway),780.0,220.0,26.0,7.0,0.0,60.0,1720.0,98.0,16.0,14.0,44.0
356,357,Subway,Kids Mini Sub Turkey Breast,Kids Mini Sub Turkey Breast (Subway),180.0,20.0,2.0,0.5,0.0,10.0,380.0,30.0,3.0,5.0,10.0
357,358,Subway,"6"" Turkey Breast","6"" Turkey Breast (Subway)",280.0,30.0,4.0,1.0,0.0,20.0,810.0,46.0,5.0,7.0,18.0
358,359,Subway,Footlong Turkey Breast,Footlong Turkey Breast (Subway),560.0,60.0,8.0,2.0,0.0,40.0,1620.0,92.0,10.0,14.0,36.0
359,360,Subway,"6"" Turkey Breast & Ham","6"" Turkey Breast & Ham (Subway)",280.0,35.0,4.0,1.0,0.0,20.0,820.0,46.0,5.0,8.0,18.0
360,361,Subway,Footlong Turkey Breast & Ham,Footlong Turkey Breast & Ham (Subway),560.0,70.0,8.0,2.0,0.0,40.0,1640.0,92.0,10.0,16.0,36.0
361,362,Subway,"6"" Turkey Italiano Melt (with Provolone)","6"" Turkey Italiano Melt (with Provolone) (Subway)",490.0,210.0,24.0,9.0,1.0,50.0,1480.0,47.0,5.0,8.0,24.0
362,363,Subway,Footlong Turkey Italiano Melt (with Provolone),Footlong Turkey Italiano Melt (with Provolone) (Subway),980.0,420.0,48.0,18.0,2.0,100.0,2960.0,94.0,10.0,16.0,48.0
363,364,Subway,Kids Mini Sub Veggie Delite,Kids Mini Sub Veggie Delite (Subway),150.0,15.0,2.0,0.0,0.0,0.0,190.0,29.0,3.0,4.0,6.0
364,365,Subway,"6"" Veggie Delite","6"" Veggie Delite (Subway)",230.0,20.0,3.0,1.0,0.0,0.0,310.0,44.0,5.0,6.0,8.0
365,366,Subway,Footlong Veggie Delite,Footlong Veggie Delite (Subway),460.0,40.0,6.0,2.0,0.0,0.0,620.0,88.0,10.0,12.0,16.0
366,367,Subway,"6"" Veggie Patty","6"" Veggie Patty (Subway)",390.0,70.0,7.0,1.0,0.0,10.0,800.0,56.0,8.0,8.0,23.0
367,368,Subway,Footlong Veggie Patty,Footlong Veggie Patty (Subway),780.0,140.0,14.0,2.0,0.0,20.0,1600.0,112.0,16.0,16.0,46.0
368,369,Subway,Autumn Carved Turkey Salad,Autumn Carved Turkey Salad (Subway),300.0,80.0,9.0,3.0,0.0,60.0,1120.0,26.0,3.0,22.0,25.0
369,370,Subway,B.L.T. Salad,B.L.T. Salad (Subway),150.0,70.0,8.0,4.0,0.0,20.0,420.0,10.0,4.0,5.0,10.0
370,371,Subway,Big Hot Pastrami Melt Salad,Big Hot Pastrami Melt Salad (Subway),400.0,300.0,29.0,11.0,0.0,85.0,1250.0,12.0,4.0,4.0,23.0
371,372,Subway,Big Philly Cheesesteak Salad,Big Philly Cheesesteak Salad (Subway),330.0,140.0,16.0,8.0,1.0,85.0,1080.0,17.0,5.0,6.0,32.0
372,373,Subway,Black Forest Ham Salad,Black Forest Ham Salad (Subway),110.0,25.0,3.0,1.0,0.0,20.0,590.0,11.0,4.0,6.0,12.0
373,374,Subway,Buffalo Chicken Salad (with Ranch dressing),Buffalo Chicken Salad (with Ranch dressing) (Subway),360.0,230.0,26.0,4.0,0.0,60.0,1100.0,13.0,4.0,6.0,20.0
374,375,Subway,Carved Turkey & Bacon w/ Cheese Salad,Carved Turkey & Bacon w/ Cheese Salad (Subway),280.0,110.0,12.0,4.5,0.0,65.0,1320.0,11.0,4.0,5.0,28.0
375,376,Subway,Carved Turkey Salad,Carved Turkey Salad (Subway),150.0,30.0,4.0,0.0,0.0,45.0,680.0,8.0,3.0,3.0,19.0
376,377,Subway,Chicken & Bacon Ranch Melt Salad (includes Ranch dressing),Chicken & Bacon Ranch Melt Salad (includes Ranch dressing) (Subway),510.0,340.0,38.0,12.0,1.0,100.0,1040.0,14.0,4.0,7.0,30.0
377,378,Subway,Cold Cut Combo Salad,Cold Cut Combo Salad (Subway),180.0,95.0,11.0,4.0,0.0,45.0,820.0,12.0,4.0,5.0,12.0
378,379,Subway,Double Chicken Salad,Double Chicken Salad (Subway),220.0,35.0,5.0,1.5,0.0,100.0,490.0,10.0,4.0,4.0,36.0
379,380,Subway,Italian B.M.T.® Salad,Italian B.M.T.® Salad (Subway),230.0,135.0,15.0,6.0,0.0,45.0,1060.0,12.0,4.0,6.0,14.0
380,381,Subway,Italian Hero Salad,Italian Hero Salad (Subway),230.0,140.0,15.0,5.0,0.0,45.0,1060.0,13.0,4.0,8.0,14.0
381,382,Subway,Meatball Marinara Salad,Meatball Marinara Salad (Subway),310.0,150.0,17.0,7.0,1.0,30.0,720.0,25.0,6.0,10.0,16.0
382,383,Subway,Oven Roasted Chicken Salad,Oven Roasted Chicken Salad (Subway),140.0,25.0,3.0,0.5,0.0,50.0,280.0,10.0,4.0,4.0,19.0
383,384,Subway,Roast Beef Salad,Roast Beef Salad (Subway),140.0,30.0,4.0,1.0,0.0,40.0,450.0,10.0,4.0,5.0,18.0
384,385,Subway,Spicy Italian Salad,Spicy Italian Salad (Subway),310.0,205.0,23.0,9.0,1.0,50.0,1280.0,11.0,4.0,6.0,15.0
385,386,Subway,Steak & Cheese Salad,Steak & Cheese Salad (Subway),210.0,75.0,8.0,4.0,0.0,50.0,830.0,14.0,4.0,6.0,20.0
386,387,Subway,Subway Club Salad,Subway Club Salad (Subway),140.0,30.0,4.0,1.0,0.0,40.0,640.0,11.0,4.0,5.0,17.0
387,388,Subway,Subway Melt® Salad,Subway Melt® Salad (Subway),200.0,85.0,10.0,5.0,0.0,45.0,910.0,13.0,4.0,6.0,18.0
388,389,Subway,Sweet Onion Chicken Teriyaki Salad,Sweet Onion Chicken Teriyaki Salad (Subway),200.0,25.0,3.0,1.0,0.0,50.0,660.0,24.0,4.0,16.0,20.0
389,390,Subway,Tuna Salad,Tuna Salad (Subway),310.0,215.0,24.0,4.0,0.0,40.0,370.0,10.0,4.0,4.0,15.0
390,391,Subway,Turkey Breast & Ham Salad,Turkey Breast & Ham Salad (Subway),110.0,20.0,3.0,1.0,0.0,25.0,580.0,11.0,4.0,5.0,12.0
391,392,Subway,Turkey Breast Salad,Turkey Breast Salad (Subway),110.0,20.0,2.0,1.0,0.0,20.0,570.0,11.0,4.0,5.0,12.0
392,393,Subway,Veggie Delite Salad,Veggie Delite Salad (Subway),50.0,10.0,1.0,0.0,0.0,0.0,65.0,9.0,4.0,4.0,3.0
393,394,Subway,Chipotle Southwest Steak & Cheese Wrap,Chipotle Southwest Steak & Cheese Wrap (Subway),760.0,330.0,37.0,12.0,1.0,100.0,2250.0,65.0,4.0,7.0,43.0
394,395,Subway,Rotisserie-Style Chicken Caesar Wrap,Rotisserie-Style Chicken Caesar Wrap (Subway),730.0,310.0,34.0,10.0,0.5,135.0,1900.0,53.0,3.0,4.0,55.0
395,396,Subway,"Turkey, Bacon & Guacamole Wrap","Turkey, Bacon & Guacamole Wrap (Subway)",810.0,380.0,42.0,13.0,0.5,75.0,2970.0,62.0,3.0,6.0,43.0
396,397,Subway,Cheese & Veggies Pizza,Cheese & Veggies Pizza (Subway),740.0,230.0,25.0,11.0,0.0,50.0,1270.0,100.0,5.0,9.0,36.0
397,398,Subway,Cheese Pizza,Cheese Pizza (Subway),680.0,200.0,22.0,9.0,0.0,40.0,1070.0,96.0,4.0,7.0,32.0
398,399,Subway,Pepperoni Pizza,Pepperoni Pizza (Subway),790.0,290.0,32.0,13.0,0.0,60.0,1350.0,96.0,4.0,8.0,38.0
399,400,Subway,Sausage Pizza,Sausage Pizza (Subway),820.0,310.0,34.0,14.0,0.0,70.0,1420.0,97.0,4.0,8.0,39.0
400,401,Taco Bell,1/2 lb.* Cheesy Potato Burrito,1/2 lb.* Cheesy Potato Burrito (Taco Bell),540.0,230.0,26.0,7.0,1.0,45.0,1360.0,59.0,7.0,4.0,19.0
401,402,Taco Bell,1/2 lb.* Combo Burrito,1/2 lb.* Combo Burrito (Taco Bell),460.0,170.0,18.0,7.0,1.0,45.0,1320.0,53.0,9.0,3.0,21.0
402,403,Taco Bell,7-Layer Burrito,7-Layer Burrito (Taco Bell),510.0,170.0,19.0,7.0,0.0,20.0,1090.0,68.0,11.0,4.0,16.0
403,404,Taco Bell,Bean Burrito,Bean Burrito (Taco Bell),370.0,100.0,11.0,4.0,0.0,5.0,960.0,56.0,9.0,3.0,13.0
404,405,Taco Bell,Beefy 5-Layer Burrito,Beefy 5-Layer Burrito (Taco Bell),550.0,200.0,22.0,8.0,0.0,35.0,1270.0,68.0,8.0,5.0,19.0
405,406,Taco Bell,Beefy Fritos® Burrito,Beefy Fritos® Burrito (Taco Bell),440.0,160.0,18.0,5.0,0.0,20.0,1030.0,55.0,4.0,3.0,13.0
406,407,Taco Bell,Black Bean Burrito,Black Bean Burrito (Taco Bell),410.0,110.0,12.0,4.0,0.0,10.0,1100.0,62.0,8.0,3.0,14.0
407,408,Taco Bell,Burrito Supreme® – Beef,Burrito Supreme® – Beef (Taco Bell),420.0,140.0,16.0,7.0,0.0,35.0,1090.0,53.0,8.0,5.0,16.0
408,409,Taco Bell,Burrito Supreme® - Chicken,Burrito Supreme® - Chicken (Taco Bell),390.0,110.0,12.0,5.0,0.0,40.0,1050.0,52.0,7.0,5.0,19.0
409,410,Taco Bell,Burrito Supreme® - Steak,Burrito Supreme® - Steak (Taco Bell),390.0,120.0,13.0,5.0,0.0,30.0,1090.0,52.0,7.0,5.0,17.0
410,411,Taco Bell,Cantina Power Burrito - Chicken,Cantina Power Burrito - Chicken (Taco Bell),760.0,240.0,27.0,6.0,0.0,60.0,1960.0,96.0,12.0,7.0,32.0
411,412,Taco Bell,Cantina Power Burrito - Steak,Cantina Power Burrito - Steak (Taco Bell),780.0,250.0,28.0,7.0,0.0,50.0,1900.0,98.0,13.0,7.0,33.0
412,413,Taco Bell,Cantina Power Burrito - Veggie,Cantina Power Burrito - Veggie (Taco Bell),740.0,230.0,26.0,5.0,0.0,10.0,1750.0,107.0,17.0,8.0,20.0
413,414,Taco Bell,Cheesy Bean and Rice Burrito,Cheesy Bean and Rice Burrito (Taco Bell),420.0,160.0,17.0,3.5,0.0,0.0,930.0,55.0,6.0,4.0,11.0
414,415,Taco Bell,Chili Cheese Burrito,Chili Cheese Burrito (Taco Bell),380.0,150.0,17.0,8.0,1.0,35.0,930.0,41.0,5.0,2.0,16.0
415,416,Taco Bell,Chicken Crunchy Cheesy Core Burrito,Chicken Crunchy Cheesy Core Burrito (Taco Bell),610.0,210.0,24.0,9.0,0.0,55.0,1510.0,74.0,5.0,5.0,25.0
416,417,Taco Bell,Steak Crunchy Cheesy Core Burrito,Steak Crunchy Cheesy Core Burrito (Taco Bell),610.0,220.0,24.0,9.0,0.0,50.0,1520.0,75.0,5.0,5.0,25.0
417,418,Taco Bell,Beef Crunchy Cheesy Core Burrito,Beef Crunchy Cheesy Core Burrito (Taco Bell),630.0,240.0,26.0,10.0,0.5,45.0,1530.0,76.0,7.0,5.0,22.0
418,419,Taco Bell,Loaded Taco Burrito,Loaded Taco Burrito (Taco Bell),550.0,260.0,29.0,9.0,0.5,50.0,1130.0,52.0,7.0,4.0,20.0
419,420,Taco Bell,Chicken Quesarito,Chicken Quesarito (Taco Bell),620.0,270.0,30.0,10.0,0.0,60.0,1440.0,64.0,4.0,4.0,24.0
420,421,Taco Bell,Steak Quesarito,Steak Quesarito (Taco Bell),630.0,280.0,31.0,11.0,0.5,65.0,1410.0,64.0,3.0,4.0,25.0
421,422,Taco Bell,Beef Quesarito,Beef Quesarito (Taco Bell),650.0,300.0,34.0,12.0,0.5,60.0,1450.0,65.0,6.0,5.0,22.0
422,423,Taco Bell,Shredded Chicken Burrito,Shredded Chicken Burrito (Taco Bell),400.0,160.0,18.0,4.5,0.0,30.0,960.0,45.0,3.0,3.0,16.0
423,424,Taco Bell,Smothered Burrito - Beef,Smothered Burrito - Beef (Taco Bell),710.0,320.0,35.0,13.0,1.0,75.0,2260.0,70.0,10.0,4.0,28.0
424,425,Taco Bell,Smothered Burrito - Shredded Chicken,Smothered Burrito - Shredded Chicken (Taco Bell),650.0,250.0,28.0,10.0,0.0,70.0,2230.0,67.0,8.0,4.0,34.0
425,426,Taco Bell,Smothered Burrito - Steak,Smothered Burrito - Steak (Taco Bell),670.0,260.0,29.0,11.0,0.5,80.0,2080.0,68.0,7.0,4.0,35.0
426,427,Taco Bell,Chicken Spicy Cheesy Core Burrito,Chicken Spicy Cheesy Core Burrito (Taco Bell),540.0,180.0,20.0,8.0,0.0,55.0,1740.0,66.0,5.0,5.0,24.0
427,428,Taco Bell,Steak Spicy Cheesy Core Burrito,Steak Spicy Cheesy Core Burrito (Taco Bell),550.0,190.0,21.0,9.0,0.0,50.0,1750.0,66.0,5.0,5.0,24.0
428,429,Taco Bell,Beef Spicy Cheesy Core Burrito,Beef Spicy Cheesy Core Burrito (Taco Bell),570.0,210.0,23.0,10.0,0.5,45.0,1760.0,68.0,7.0,5.0,22.0
429,430,Taco Bell,Triple Melt Burrito,Triple Melt Burrito (Taco Bell),410.0,140.0,16.0,6.0,0.0,30.0,1030.0,50.0,4.0,3.0,15.0
430,431,Taco Bell,XXL Grilled Stuft Burrito - Beef,XXL Grilled Stuft Burrito - Beef (Taco Bell),880.0,380.0,42.0,14.0,1.0,75.0,2020.0,94.0,12.0,6.0,31.0
431,432,Taco Bell,XXL Grilled Stuft Burrito - Chicken,XXL Grilled Stuft Burrito - Chicken (Taco Bell),830.0,320.0,35.0,11.0,0.0,85.0,1940.0,91.0,10.0,6.0,37.0
432,433,Taco Bell,XXL Grilled Stuft Burrito - Steak,XXL Grilled Stuft Burrito - Steak (Taco Bell),820.0,320.0,36.0,12.0,1.0,70.0,2020.0,91.0,10.0,7.0,33.0
433,434,Taco Bell,Chicken Soft Taco,Chicken Soft Taco (Taco Bell),170.0,50.0,6.0,3.0,0.0,30.0,460.0,18.0,1.0,1.0,12.0
434,435,Taco Bell,Cool Ranch® Doritos® Double Decker® Taco,Cool Ranch® Doritos® Double Decker® Taco (Taco Bell),320.0,120.0,14.0,5.0,0.0,25.0,770.0,36.0,6.0,2.0,13.0
435,436,Taco Bell,Cool Ranch® Doritos® Locos Taco,Cool Ranch® Doritos® Locos Taco (Taco Bell),160.0,90.0,10.0,3.5,0.0,25.0,350.0,13.0,2.0,1.0,8.0
436,437,Taco Bell,Cool Ranch® Doritos® Locos Taco Supreme,Cool Ranch® Doritos® Locos Taco Supreme (Taco Bell),200.0,100.0,12.0,4.5,0.0,35.0,370.0,15.0,3.0,3.0,9.0
437,438,Taco Bell,Crunchy Taco,Crunchy Taco (Taco Bell),170.0,90.0,10.0,4.0,0.0,25.0,290.0,12.0,3.0,1.0,8.0
438,439,Taco Bell,Crunchy Taco Supreme®,Crunchy Taco Supreme® (Taco Bell),200.0,110.0,12.0,5.0,0.0,35.0,320.0,15.0,3.0,2.0,9.0
439,440,Taco Bell,Double Decker® Taco,Double Decker® Taco (Taco Bell),320.0,120.0,14.0,5.0,0.0,25.0,640.0,37.0,7.0,2.0,13.0
440,441,Taco Bell,DOUBLE DECKER® Taco Supreme®,DOUBLE DECKER® Taco Supreme® (Taco Bell),350.0,140.0,16.0,6.0,0.0,35.0,670.0,40.0,7.0,3.0,14.0
441,442,Taco Bell,Spicy Sweet Double Stacked Taco,Spicy Sweet Double Stacked Taco (Taco Bell),340.0,160.0,18.0,7.0,0.0,35.0,640.0,32.0,4.0,6.0,12.0
442,443,Taco Bell,Cool Ranch Habanero Double Stacked Taco,Cool Ranch Habanero Double Stacked Taco (Taco Bell),350.0,180.0,20.0,8.0,0.5,40.0,630.0,30.0,4.0,3.0,13.0
443,444,Taco Bell,Nacho Crunch Double Stacked Taco,Nacho Crunch Double Stacked Taco (Taco Bell),380.0,170.0,19.0,6.0,0.0,35.0,650.0,39.0,5.0,2.0,13.0
444,445,Taco Bell,Fiery Doritos® Double Decker® Taco,Fiery Doritos® Double Decker® Taco (Taco Bell),320.0,120.0,13.0,5.0,0.0,25.0,770.0,36.0,7.0,2.0,14.0
445,446,Taco Bell,Fiery Doritos® Locos Taco,Fiery Doritos® Locos Taco (Taco Bell),170.0,90.0,10.0,3.5,0.0,25.0,370.0,12.0,3.0,1.0,8.0
446,447,Taco Bell,Fiery Doritos® Locos Taco Supreme,Fiery Doritos® Locos Taco Supreme (Taco Bell),200.0,110.0,12.0,5.0,0.0,30.0,390.0,15.0,3.0,2.0,9.0
447,448,Taco Bell,Grilled Steak Soft Taco,Grilled Steak Soft Taco (Taco Bell),250.0,130.0,14.0,4.0,0.0,30.0,550.0,19.0,2.0,2.0,11.0
448,449,Taco Bell,Nacho Cheese Doritos® Double Decker® Taco,Nacho Cheese Doritos® Double Decker® Taco (Taco Bell),320.0,120.0,13.0,5.0,0.0,25.0,760.0,36.0,7.0,2.0,14.0
449,450,Taco Bell,Nacho Cheese Doritos® Locos Tacos,Nacho Cheese Doritos® Locos Tacos (Taco Bell),170.0,80.0,9.0,4.0,0.0,25.0,340.0,13.0,2.0,1.0,8.0
450,451,Taco Bell,Nacho Cheese Doritos® Locos Tacos Supreme,Nacho Cheese Doritos® Locos Tacos Supreme (Taco Bell),200.0,100.0,11.0,5.0,0.0,35.0,370.0,15.0,3.0,2.0,9.0
451,452,Taco Bell,Soft Taco Supreme® – Beef,Soft Taco Supreme® – Beef (Taco Bell),230.0,100.0,11.0,5.0,0.0,35.0,530.0,22.0,3.0,3.0,10.0
452,453,Taco Bell,Soft Taco-Beef,Soft Taco-Beef (Taco Bell),200.0,80.0,9.0,4.0,0.0,25.0,510.0,19.0,3.0,1.0,10.0
453,454,Taco Bell,Spicy Potato Soft Taco,Spicy Potato Soft Taco (Taco Bell),250.0,120.0,13.0,3.0,0.0,10.0,510.0,28.0,3.0,1.0,6.0
454,455,Taco Bell,Chalupa Supreme® - Chicken,Chalupa Supreme® - Chicken (Taco Bell),340.0,160.0,18.0,4.0,0.0,40.0,530.0,29.0,3.0,4.0,16.0
455,456,Taco Bell,Chalupa Supreme® - Steak,Chalupa Supreme® - Steak (Taco Bell),340.0,170.0,18.0,4.0,0.0,30.0,570.0,29.0,3.0,4.0,14.0
456,457,Taco Bell,Chalupa Supreme®–Beef,Chalupa Supreme®–Beef (Taco Bell),370.0,190.0,21.0,5.0,0.0,30.0,570.0,31.0,4.0,4.0,13.0
457,458,Taco Bell,Double Chalupa,Double Chalupa (Taco Bell),600.0,310.0,35.0,8.0,0.5,50.0,1010.0,50.0,6.0,5.0,21.0
458,459,Taco Bell,Wild Naked Chicken Chalupa,Wild Naked Chicken Chalupa (Taco Bell),420.0,250.0,28.0,6.0,0.0,65.0,1070.0,23.0,4.0,2.0,19.0
459,460,Taco Bell,Mild Naked Chicken Chalupa,Mild Naked Chicken Chalupa (Taco Bell),440.0,270.0,30.0,7.0,0.0,70.0,1090.0,22.0,3.0,1.0,20.0
460,461,Taco Bell,Spicy Double Chalupa,Spicy Double Chalupa (Taco Bell),600.0,310.0,35.0,8.0,0.5,50.0,1240.0,52.0,7.0,5.0,21.0
461,462,Taco Bell,Fresco Bean Burrito,Fresco Bean Burrito (Taco Bell),350.0,80.0,9.0,3.0,0.0,0.0,950.0,57.0,9.0,3.0,11.0
462,463,Taco Bell,Fresco Burrito Supreme® – Chicken,Fresco Burrito Supreme® – Chicken (Taco Bell),340.0,80.0,8.0,3.0,0.0,25.0,1020.0,50.0,7.0,4.0,17.0
463,464,Taco Bell,Fresco Burrito Supreme® – Steak,Fresco Burrito Supreme® – Steak (Taco Bell),340.0,80.0,9.0,3.0,0.0,15.0,1060.0,50.0,7.0,4.0,15.0
464,465,Taco Bell,Fresco Chicken Soft Taco,Fresco Chicken Soft Taco (Taco Bell),150.0,35.0,4.0,1.0,0.0,25.0,460.0,18.0,2.0,2.0,11.0
465,466,Taco Bell,Fresco Crunchy Taco,Fresco Crunchy Taco (Taco Bell),140.0,70.0,8.0,2.0,0.0,20.0,290.0,13.0,3.0,1.0,6.0
466,467,Taco Bell,Fresco Grilled Steak Soft Taco,Fresco Grilled Steak Soft Taco (Taco Bell),150.0,35.0,4.0,2.0,0.0,15.0,500.0,19.0,2.0,2.0,9.0
467,468,Taco Bell,Fresco Soft Taco,Fresco Soft Taco (Taco Bell),170.0,60.0,7.0,3.0,0.0,20.0,500.0,20.0,3.0,2.0,8.0
468,469,Taco Bell,Cheesy Gordita Crunch,Cheesy Gordita Crunch (Taco Bell),490.0,260.0,29.0,10.0,1.0,55.0,810.0,39.0,5.0,6.0,20.0
469,470,Taco Bell,Doritos® Cheesy Gordita Crunch - Cool Ranch,Doritos® Cheesy Gordita Crunch - Cool Ranch (Taco Bell),490.0,250.0,28.0,10.0,1.0,55.0,890.0,40.0,5.0,5.0,20.0
470,471,Taco Bell,Doritos® Cheesy Gordita Crunch - Fiery,Doritos® Cheesy Gordita Crunch - Fiery (Taco Bell),490.0,250.0,28.0,10.0,1.0,55.0,890.0,40.0,5.0,4.0,20.0
471,472,Taco Bell,Doritos® Cheesy Gordita Crunch - Nacho Cheese,Doritos® Cheesy Gordita Crunch - Nacho Cheese (Taco Bell),490.0,250.0,28.0,10.0,1.0,55.0,880.0,40.0,5.0,5.0,20.0
472,473,Taco Bell,Double Cheesy Gordita Crunch,Double Cheesy Gordita Crunch (Taco Bell),570.0,290.0,32.0,12.0,1.0,70.0,1110.0,44.0,7.0,5.0,25.0
473,474,Taco Bell,Gordita Supreme® – Beef,Gordita Supreme® – Beef (Taco Bell),300.0,120.0,14.0,5.0,0.0,30.0,550.0,31.0,4.0,6.0,13.0
474,475,Taco Bell,Gordita Supreme® - Chicken,Gordita Supreme® - Chicken (Taco Bell),270.0,90.0,10.0,4.0,0.0,40.0,510.0,29.0,2.0,6.0,16.0
475,476,Taco Bell,Gordita Supreme® - Steak,Gordita Supreme® - Steak (Taco Bell),270.0,90.0,11.0,4.0,0.0,30.0,550.0,29.0,2.0,6.0,14.0
476,477,Taco Bell,Nacho Fries Bellgrande,Nacho Fries Bellgrande (Taco Bell),710.0,360.0,41.0,6.0,0.0,30.0,1420.0,73.0,10.0,4.0,13.0
477,478,Taco Bell,Nachos BellGrande®,Nachos BellGrande® (Taco Bell),760.0,360.0,39.0,6.0,0.0,30.0,1100.0,82.0,13.0,5.0,18.0
478,479,Taco Bell,Nachos Supreme,Nachos Supreme (Taco Bell),430.0,210.0,23.0,5.0,0.0,30.0,690.0,44.0,7.0,3.0,12.0
479,480,Taco Bell,Triple Layer Nachos,Triple Layer Nachos (Taco Bell),320.0,140.0,15.0,1.5,0.0,0.0,600.0,41.0,6.0,2.0,7.0
480,481,Taco Bell,Triple Melt Nachos,Triple Melt Nachos (Taco Bell),260.0,140.0,16.0,4.5,0.0,30.0,550.0,19.0,3.0,1.0,10.0
481,482,Taco Bell,Beefy Cheddar Crunchwrap Slider,Beefy Cheddar Crunchwrap Slider (Taco Bell),410.0,170.0,19.0,6.0,0.0,25.0,960.0,46.0,4.0,3.0,14.0
482,483,Taco Bell,Beefy Mini Quesadilla,Beefy Mini Quesadilla (Taco Bell),210.0,110.0,12.0,4.0,0.0,25.0,560.0,17.0,3.0,1.0,9.0
483,484,Taco Bell,Beefy Nacho Griller,Beefy Nacho Griller (Taco Bell),420.0,170.0,19.0,4.5,0.0,20.0,870.0,49.0,5.0,3.0,12.0
484,485,Taco Bell,BLT Crunchwrap Slider,BLT Crunchwrap Slider (Taco Bell),430.0,210.0,23.0,5.0,0.0,20.0,900.0,43.0,3.0,4.0,12.0
485,486,Taco Bell,Cantina Power Bowl - Chicken,Cantina Power Bowl - Chicken (Taco Bell),560.0,200.0,22.0,4.0,0.0,60.0,1520.0,64.0,9.0,4.0,26.0
486,487,Taco Bell,Cantina Power Bowl - Steak,Cantina Power Bowl - Steak (Taco Bell),580.0,210.0,23.0,4.0,0.0,50.0,1460.0,66.0,10.0,4.0,27.0
487,488,Taco Bell,Cantina Power Bowl - Veggie,Cantina Power Bowl - Veggie (Taco Bell),540.0,190.0,21.0,3.0,0.0,10.0,1310.0,75.0,14.0,4.0,14.0
488,489,Taco Bell,Cheese Quesadilla,Cheese Quesadilla (Taco Bell),480.0,240.0,27.0,11.0,1.0,50.0,1000.0,40.0,4.0,3.0,19.0
489,490,Taco Bell,Cheese Roll-Up,Cheese Roll-Up (Taco Bell),190.0,80.0,9.0,5.0,0.0,20.0,450.0,18.0,2.0,1.0,9.0
490,491,Taco Bell,Chicken Quesadilla,Chicken Quesadilla (Taco Bell),520.0,250.0,28.0,12.0,1.0,75.0,1210.0,41.0,4.0,3.0,27.0
491,492,Taco Bell,Chickstar,Chickstar (Taco Bell),620.0,340.0,37.0,8.0,0.0,50.0,1290.0,53.0,4.0,4.0,17.0
493,493,Taco Bell,Chipotle Crispy Chicken Griller,Chipotle Crispy Chicken Griller (Taco Bell),290.0,170.0,18.0,3.0,0.0,25.0,640.0,22.0,1.0,1.0,9.0
494,494,Taco Bell,Crispy Chicken Quesadilla,Crispy Chicken Quesadilla (Taco Bell),650.0,340.0,37.0,13.0,0.5,75.0,1480.0,51.0,5.0,3.0,26.0
495,495,Taco Bell,Crunchwrap Supreme®,Crunchwrap Supreme® (Taco Bell),540.0,190.0,21.0,6.0,0.0,30.0,1110.0,71.0,7.0,7.0,16.0
496,496,Taco Bell,Double Tostada,Double Tostada (Taco Bell),270.0,100.0,11.0,4.0,0.0,15.0,650.0,32.0,8.0,2.0,12.0
497,497,Taco Bell,Express Taco Salad w/ Chips,Express Taco Salad w/ Chips (Taco Bell),580.0,260.0,29.0,9.0,1.0,60.0,1270.0,59.0,8.0,7.0,23.0
498,498,Taco Bell,Loaded Potato Griller,Loaded Potato Griller (Taco Bell),470.0,200.0,22.0,6.0,0.0,25.0,1120.0,55.0,4.0,5.0,13.0
499,499,Taco Bell,Mexican Pizza,Mexican Pizza (Taco Bell),540.0,270.0,31.0,8.0,1.0,40.0,860.0,47.0,7.0,2.0,20.0
500,500,Taco Bell,MexiMelt®,MexiMelt® (Taco Bell),270.0,130.0,14.0,7.0,1.0,40.0,740.0,21.0,3.0,2.0,14.0
501,501,Taco Bell,Steak Quesalupa,Steak Quesalupa (Taco Bell),440.0,210.0,23.0,10.0,0.5,60.0,840.0,36.0,3.0,3.0,22.0
502,502,Taco Bell,Chicken Quesalupa,Chicken Quesalupa (Taco Bell),440.0,200.0,23.0,10.0,0.5,60.0,840.0,37.0,3.0,3.0,22.0
503,503,Taco Bell,Beef Quesalupa,Beef Quesalupa (Taco Bell),460.0,240.0,26.0,11.0,1.0,50.0,890.0,38.0,4.0,3.0,19.0
504,504,Taco Bell,Shredded Chicken Mini Quesadilla,Shredded Chicken Mini Quesadilla (Taco Bell),180.0,70.0,8.0,2.5,0.0,25.0,540.0,15.0,2.0,1.0,12.0
505,505,Taco Bell,Spicy Chicken Crunchwrap Slider,Spicy Chicken Crunchwrap Slider (Taco Bell),400.0,180.0,20.0,4.0,0.0,25.0,900.0,42.0,3.0,3.0,15.0
506,506,Taco Bell,Spicy Tostada,Spicy Tostada (Taco Bell),200.0,90.0,10.0,2.5,0.0,10.0,440.0,22.0,4.0,1.0,7.0
507,507,Taco Bell,Stacker,Stacker (Taco Bell),390.0,170.0,18.0,8.0,0.5,40.0,1050.0,39.0,4.0,3.0,18.0
508,508,Taco Bell,Steak Quesadilla,Steak Quesadilla (Taco Bell),520.0,250.0,28.0,12.0,1.0,65.0,1250.0,41.0,4.0,3.0,25.0
509,509,Taco Bell,Original Triple Double Crunchwrap,Original Triple Double Crunchwrap (Taco Bell),700.0,270.0,30.0,9.0,0.5,45.0,1550.0,85.0,9.0,7.0,23.0
510,510,Taco Bell,Spicy Triple Double Crunchwrap,Spicy Triple Double Crunchwrap (Taco Bell),780.0,340.0,38.0,10.0,0.5,50.0,1850.0,87.0,9.0,8.0,23.0
512,511,Taco Bell,Fiesta Taco Salad-Beef,Fiesta Taco Salad-Beef (Taco Bell),780.0,380.0,42.0,10.0,1.0,60.0,1340.0,74.0,11.0,7.0,26.0
513,512,Taco Bell,Fiesta Taco Salad-Chicken,Fiesta Taco Salad-Chicken (Taco Bell),720.0,320.0,35.0,7.0,0.0,70.0,1260.0,70.0,8.0,8.0,32.0
514,513,Taco Bell,Fiesta Taco Salad-Steak,Fiesta Taco Salad-Steak (Taco Bell),720.0,320.0,36.0,8.0,1.0,55.0,1340.0,70.0,8.0,8.0,28.0
